Response ID,Time Started,Date Submitted,Status,Contact ID,Legacy Comments,Comments,Language,Referer,Extended Referer,SessionID,User Agent,Extended User Agent,Tags,IP Address,Longitude,Latitude,Country,City,State/Region,Postal,New Hidden Value,Time spend on explanation,"This programs swaps two values without the use of a third temporary variable, and is implemented using checkpoints (language 1). The swapping is implemented by three operations: X = X + Y then Y = X - Y and finally X = X - Y. That's it!The code depicted bellow contains one bug related to the swapping of the variables.Select the line containing this bug.",Write a correct statement for the line that you think contains a bug. Please use C syntax only (no sentences describing what is the error).,Time spent swap checkpoint,"A recap of the task based languageIn the task based language, a program needs to be initialized first, by including a header file and then by adding the following functions:ENTRY_TASK(name_of_first_task); //first task TASK(name_of_second_task); //second task ... TASK(name_of_Xth_task); //Xth task Then the programmer needs to define all variables as global ones by invokingSHARED(type1 variable 1, type2 variable 2, ...); Then, the programmer needs to define each task, in the following fashion:TASK(name_of_a_task) {    SET(y,3); //initialize y to y = 3    SET(x, GET(y)); //assign new value to x by using protected value y    return name_of_a_new_task_to_which_this_task_connects_to; }The Problem This programs swaps two values without the use of a third temporary variable, and is implemented using tasks (language 2). The swapping is implemented by three operations: X = X + Y then Y = X - Y and finally X = X - Y. That's it! The code depicted bellow contains one bug related to the swapping of the variables.Which line contains an error?  ",Write a correct statement for the line that you think contains a bug. Please use C syntax only (no sentences describing what is the error)..1,Time spent swap task,This program performs a Bubble sort and makes use of checkpoints (language 1). The goal of the program is to sort an array of integers.Quick recap on Bubble sort Source: https://en.wikipedia.org/wiki/Bubble_sort The code depicted bellow contains one bug related to the operation of the Bubble sort algorithm. Select the line containing this bug.,Write a correct statement for the line that you think contains the bug. Please use C syntax only (no sentences describing what is the error).,Time spent bubble sort checkpoint,"A recap of the task based languageIn the task based language, a program needs to be initialized first, by including a header file and then by adding the following functions:ENTRY_TASK(name_of_first_task); //first task TASK(name_of_second_task); //second task ... TASK(name_of_Xth_task); //Xth task Then the programmer needs to define all variables as global ones by invokingSHARED(type1 variable 1, type2 variable 2, ...); Then, the programmer needs to define each task, in the following fashion:TASK(name_of_a_task) {    SET(y,3); //initialize y to y = 3    SET(x, GET(y)); //assign new value to x by using protected value y    return name_of_a_new_task_to_which_this_task_connects_to; }The Problem Copy of This program performs a Bubble sort and makes use of tasks (language 2). The goal of the program is to sort an array of integers.Quick recap on Bubble sort Source: https://en.wikipedia.org/wiki/Bubble_sort The code depicted bellow contains one bug related to the operation of the Bubble sort algorithm.Select the line containing this bug.",Write a correct statement for the line that you think contains the bug. Please use C syntax only (no sentences describing what is the error)..1,Time spent bubble sort task,"This is a program that makes use of time to make decisions. Keeping track of time across power failures is hard, because the time values resets to zero after every power failure. Modern runtimes handle this by using capacitive timekeepers. For the below code, assume the runtime handles timekeeping. In this program, we want to read the temperature, and convert it to Fahrenheit if it is not expired. Otherwise we set the temperature to 32. The code depicted bellow contains one bug compared to the description above.Select the line containing this bug.",Write a correct statement for the line that you think contains a bug. Please use C syntax only (no sentences describing what is the error)..2,Time spent time based checkpoint,"A recap of the task based languageIn the task based language, a program needs to be initialized first, by including a header file and then by adding the following functions:ENTRY_TASK(name_of_first_task); //first task TASK(name_of_second_task); //second task ... TASK(name_of_Xth_task); //Xth task Then the programmer needs to define all variables as global ones by invokingSHARED(type1 variable 1, type2 variable 2, ...); Then, the programmer needs to define each task, in the following fashion:TASK(name_of_a_task) {    SET(y,3); //initialize y to y = 3    SET(x, GET(y)); //assign new value to x by using protected value y    return name_of_a_new_task_to_which_this_task_connects_to; }The ProblemThis is a program that makes use of time to make decisions. Keeping track of time across power failures is hard, because the time values resets to zero after every power failure. Modern runtimes handle this by using capacitive timekeepers. For the below code, assume the runtime handles timekeeping. In this program, we want to read the temperature, and convert it to Fahrenheit if it is not expired. Otherwise we set the temperature to 32.  The code depicted bellow contains one bug according to the description above.Select the line containing this bug.  ",Write a correct statement for the line that you think contains a bug. Please use C syntax only (no sentences describing what is the error)..3,Time spent time based task,"Language 1 (checkpoints):Knowing Language 1 and Language 2, I think programming with this language would be difficult.","Language 2 (tasks):Knowing Language 1 and Language 2, I think programming with this language would be difficult.","Language 1 (checkpoints):Knowing Language 1 and Language 2, I think programming with this language would be easy.","Language 2 (tasks):Knowing Language 1 and Language 2, I think programming with this language would be easy.","Language 1 (checkpoints):Knowing Language 1 and Language 2, I think the programming model is intuitive.","Language 2 (tasks):Knowing Language 1 and Language 2, I think the programming model is intuitive.","Language 1 (checkpoints):Knowing Language 1 and Language 2, I think the programming model is complete.","Language 2 (tasks):Knowing Language 1 and Language 2, I think the programming model is complete.","Language 1 (checkpoints):Knowing Language 1 and Language 2, I think this programming model is flexible.","Language 2 (tasks):Knowing Language 1 and Language 2, I think this programming model is flexible.","Language 1 (checkpoints):Knowing Language 1 and Language 2, I think this programming model is concise.","Language 2 (tasks):Knowing Language 1 and Language 2, I think this programming model is concise.","Language 1 (checkpoints):Knowing Language 1 and Language 2, I think this programming model could be used for a variety of  applications, like greenhouse monitoring, activity tracking, or signal processing.","Language 2 (tasks):Knowing Language 1 and Language 2, I think this programming model could be used for a variety of  applications, like greenhouse monitoring, activity tracking, or signal processing.","Language 1 (checkpoints):Knowing Language 1 and Language 2, I think the programming model; including syntax, keywords, and control flow, is easy to understand.","Language 2 (tasks):Knowing Language 1 and Language 2, I think the programming model; including syntax, keywords, and control flow, is easy to understand.","Language 1 (checkpoints):Knowing Language 1 and Language 2, If I had to implement the program that implements sense() -> compute() -> transmit() from scratch (in this programming model), I don't think it would take me very long.","Language 2 (tasks):Knowing Language 1 and Language 2, If I had to implement the program that implements sense() -> compute() -> transmit() from scratch (in this programming model), I don't think it would take me very long.","Language 1 (checkpoints):Knowing Language 1 and Language 2, If I had the choice, I would use this programming model for my own projects in Intermittently Powered Computing.","Language 2 (tasks):Knowing Language 1 and Language 2, If I had the choice, I would use this programming model for my own projects in Intermittently Powered Computing.","Language 1 (checkpoints):Knowing Language 1 and Language 2, If I had to teach a new student how to program Intermittently Powered Systems, I would use this language.","Language 2 (tasks):Knowing Language 1 and Language 2, If I had to teach a new student how to program Intermittently Powered Systems, I would use this language.","Language 1 (checkpoints):Knowing Language 1 and Language 2, I think this programming model is easier to grasp than Python, Ruby, or JavaScript.","Language 2 (tasks):Knowing Language 1 and Language 2, I think this programming model is easier to grasp than Python, Ruby, or JavaScript.","Language 1 (checkpoints):Knowing Language 1 and Language 2, I think this programming model is easier to grasp than JAVA / C# / C++.","Language 2 (tasks):Knowing Language 1 and Language 2, I think this programming model is easier to grasp than JAVA / C# / C++.","Language 1 (checkpoints):Knowing Language 1 and Language 2, I think this programming model is easier to grasp than ANSI C.","Language 2 (tasks):Knowing Language 1 and Language 2, I think this programming model is easier to grasp than ANSI C.","Language 1 (checkpoints):Knowing Language 1 and Language 2, It was easy to convey my intentions with this programming model.","Language 2 (tasks):Knowing Language 1 and Language 2, It was easy to convey my intentions with this programming model.",Time spend on difficulty,Formal electrical engineering education (university-level):How many years did you spend on any of these topics:,Formal computer science education (university-level):How many years did you spend on any of these topics:,Programming language experience:How many years did you spend on any of these topics:,Practical embedded systems design:How many years did you spend on any of these topics:,"C programming language:Please self-assess yourself on the following question: ""Compared to others with similar background, age and education my knowledge of [XYZ] is"", where [XYZ] is","Programming languages other than C:Please self-assess yourself on the following question: ""Compared to others with similar background, age and education my knowledge of [XYZ] is"", where [XYZ] is","Electronics:Please self-assess yourself on the following question: ""Compared to others with similar background, age and education my knowledge of [XYZ] is"", where [XYZ] is","Energy harvesting technologies:Please self-assess yourself on the following question: ""Compared to others with similar background, age and education my knowledge of [XYZ] is"", where [XYZ] is","Embedded systems:Please self-assess yourself on the following question: ""Compared to others with similar background, age and education my knowledge of [XYZ] is"", where [XYZ] is","Embedded systems powered by energy harvesting technologies:Please self-assess yourself on the following question: ""Compared to others with similar background, age and education my knowledge of [XYZ] is"", where [XYZ] is","Embedded systems powered intermittently:Please self-assess yourself on the following question: ""Compared to others with similar background, age and education my knowledge of [XYZ] is"", where [XYZ] is",My programming language of choice is,"I am a""",My age is,Time spend on skills,Confirmation code
23,2018-12-21 17:21:33,"Dec 21, 2018 5:56:04 pm",Complete,,,,English,Anonymized,Anonymized,Anonymized,Anonymized,Anonymized,,Anonymized,Anonymized,Anonymized,Anonymized,Anonymized,Anonymized,Anonymized,25,257,Line 9,"The statement should be a = a - b, otherwise a will not be correct.",176,Line 25,"line should be a - b, not b - a",171,Line 16,"we want to increment i in the outer loop, not j.",106,Line 48,"After resetting j to 0, you do not want to increment j to 1 until you check it again.",723,Line 15,"We want to set the temperature to 32 if it is expired, not leave it alone.",183,Line 31,"We want to set c to 32 if the temperature is expired, not the original temperature reading.",149,Disagree,Agree,Agree,Disagree,Strongly agree,Disagree,Strongly agree,Agree,Strongly agree,Neither agree or disagree,Agree,Strongly disagree,Strongly agree,Strongly agree,Agree,Disagree,Agree,Disagree,Agree,Agree,Agree,Strongly disagree,Disagree,Disagree,Strongly agree,Agree,Agree,Agree,Strongly agree,Agree,178,2 years,2 years,more than 5 years,none,Above average,Slightly above average,Average,Slightly below average,Slightly above average,Average,Below average,Python,Man,21,80,
24,2018-12-21 18:09:07,"Dec 21, 2018 6:59:52 pm",Complete,,,,English,Anonymized,Anonymized,Anonymized,Anonymized,Anonymized,,Anonymized,Anonymized,Anonymized,Anonymized,Anonymized,Anonymized,Anonymized,432,595,Line 9,a = a - b;,148,Line 25,"SET(a, GET(a) - GET(b));",382,Line 16,for(i = 0; i < size -1; i++),245,Line 28,return task_array_loop_incr;,256,Line 15,c = a;,184,Line 31,"SET(c, GET(a));",173,Strongly disagree,Strongly agree,Strongly agree,Strongly disagree,Strongly agree,Agree,Strongly agree,Neither agree or disagree,Strongly agree,Disagree,Strongly agree,Strongly disagree,Strongly agree,Strongly agree,Strongly agree,Disagree,Strongly agree,Neither agree or disagree,Strongly agree,Disagree,Strongly agree,Neither agree or disagree,Neither agree or disagree,Disagree,Agree,Neither agree or disagree,Neither agree or disagree,Disagree,Agree,Neither agree or disagree,409,1 year,4 years,more than 5 years,4 years,Above average,Above average,Slightly above average,Above average,Above average,Above average,Above average,C,Man,31,165,
26,2018-12-21 21:07:45,"Dec 21, 2018 9:35:40 pm",Complete,,,,English,Anonymized,Anonymized,Anonymized,Anonymized,Anonymized,,Anonymized,Anonymized,Anonymized,Anonymized,Anonymized,Anonymized,Anonymized,3,5,Line 9,a = a - b;,95,Line 25,"SET(a,GET(a) - GET(b));",74,Line 16,for (i=0;i < size-1; i++),202,Line 48,return task_array_loop_incr,239,Line 17,c= temperature_reading * b + a;,536,Line 36,"SET(c, GET(temperature_reading) * GET(b) + GET(a));",272,Disagree,Disagree,Neither agree or disagree,Agree,Neither agree or disagree,Strongly agree,Neither agree or disagree,Strongly agree,Neither agree or disagree,Agree,Neither agree or disagree,Neither agree or disagree,Neither agree or disagree,Strongly agree,Agree,Strongly agree,Neither agree or disagree,Neither agree or disagree,Agree,Agree,Neither agree or disagree,Agree,Disagree,Disagree,Strongly agree,Strongly agree,Neither agree or disagree,Neither agree or disagree,Disagree,Strongly agree,151,5 years,2 years,3 years,2 years,Average,Slightly above average,Slightly above average,Slightly below average,Slightly above average,Slightly below average,Slightly below average,C,Man,24,66,
28,2018-12-22 09:49:02,"Dec 22, 2018 11:21:47 am",Complete,,,,English,Anonymized,Anonymized,Anonymized,Anonymized,Anonymized,,Anonymized,Anonymized,Anonymized,Anonymized,Anonymized,Anonymized,Anonymized,911,625,Line 9,a = a-b;,150,Line 25,"SET(a, GET(a)-GET(b))",294,Line 16,for (I=0; I< size-1; i++),215,Line 30,return task_array_loop_inner,1436,Line 15,c = a;,165,Line 31,"SET(c, GET(a));",759,Disagree,Disagree,Agree,Agree,Neither agree or disagree,Neither agree or disagree,Agree,Agree,Strongly agree,Strongly agree,Agree,Agree,Strongly agree,Strongly agree,Agree,Agree,Agree,Agree,Agree,Agree,Strongly agree,Strongly agree,Neither agree or disagree,Neither agree or disagree,Neither agree or disagree,Neither agree or disagree,Neither agree or disagree,Neither agree or disagree,Strongly agree,Strongly agree,817,4 years,more than 5 years,4 years,4 years,Average,Slightly above average,Above average,Below average,Below average,Below average,Below average,Python,Man,48,156,
30,2018-12-24 07:24:16,"Dec 24, 2018 8:00:08 am",Complete,,,,English,Anonymized,Anonymized,Anonymized,Anonymized,Anonymized,,Anonymized,Anonymized,Anonymized,Anonymized,Anonymized,Anonymized,Anonymized,18,175,Line 9,a=a-b,124,Line 25,"SET(a, GET(a) - GET(b))",237,Line 16,for(i = 0; i< size-1; i++),225,Line 55,"SET(arr[j], GET(are[j+1))",567,Line 15,c=a;,62,Line 31,"SET(c, GET(a))",333,Disagree,Disagree,Agree,Agree,Strongly agree,Agree,Agree,Agree,Agree,Strongly agree,Neither agree or disagree,Neither agree or disagree,Strongly agree,Strongly agree,Strongly agree,Agree,Agree,Agree,Disagree,Agree,Disagree,Agree,Disagree,Disagree,Agree,Disagree,Neither agree or disagree,Disagree,Neither agree or disagree,Neither agree or disagree,267,4 years,none,more than 5 years,more than 5 years,Above average,Slightly above average,Slightly above average,Below average,Above average,Below average,Below average,C,Man,25,108,
36,2018-12-24 08:32:22,"Dec 24, 2018 8:55:14 am",Complete,,,,English,Anonymized,Anonymized,Anonymized,Anonymized,Anonymized,,Anonymized,Anonymized,Anonymized,Anonymized,Anonymized,Anonymized,Anonymized,3,3,Line 9,a = a - b;,72,Line 25,"SET(a, GET(a) - GET(b));",87,Line 16,for( i=0; i< size-1; i++) {,505,Line 48,return task_array_loop_inner;,165,Line 15,c = a;,36,Line 31,"SET(a, GET(temperature_reading));",206,Neither agree or disagree,Neither agree or disagree,Neither agree or disagree,Neither agree or disagree,Disagree,Agree,Neither agree or disagree,Agree,Agree,Disagree,Neither agree or disagree,Neither agree or disagree,Agree,Agree,Agree,Agree,Neither agree or disagree,Agree,Neither agree or disagree,Agree,Neither agree or disagree,Agree,Neither agree or disagree,Agree,Neither agree or disagree,Neither agree or disagree,Neither agree or disagree,Neither agree or disagree,Neither agree or disagree,Agree,156,3 years,1 year,4 years,3 years,Average,Slightly below average,Slightly above average,Average,Average,Average,Average,C,Man,24,86,
38,2018-12-24 09:10:15,"Dec 24, 2018 9:39:16 am",Complete,,,,English,Anonymized,Anonymized,Anonymized,Anonymized,Anonymized,,Anonymized,Anonymized,Anonymized,Anonymized,Anonymized,Anonymized,Anonymized,8,4,Line 9,a = a - b;,72,Line 25,"SET(a, GET(a) - GET(b));",116,Line 16,for (i = 0; i < size-1; i++),133,Line 48,return task_array_loop_incr;,635,Line 15,c = a;,169,Line 36,"SET(c, GET(temperature_reading) * GET(b) + GET(a));",116,Disagree,Agree,Strongly agree,Disagree,Strongly agree,Disagree,Strongly agree,Agree,Strongly agree,Disagree,Strongly agree,Strongly disagree,Agree,Agree,Strongly agree,Agree,Agree,Agree,Strongly agree,Agree,Agree,Agree,Disagree,Disagree,Agree,Disagree,Disagree,Disagree,Agree,Strongly disagree,376,none,none,4 years,none,Average,Slightly above average,Below average,Below average,Below average,Below average,Below average,Python,Man,21,56,
43,2018-12-28 15:30:28,"Dec 28, 2018 3:57:08 pm",Complete,,,,English,Anonymized,Anonymized,Anonymized,Anonymized,Anonymized,,Anonymized,Anonymized,Anonymized,Anonymized,Anonymized,Anonymized,Anonymized,129,143,Line 9,a = a - b;,212,Line 25,"SET(a, GET(a) - GET(b));",106,Line 8,tmp = x;,80,Line 1,;,211,Line 15,c = a;,129,Line 31,"SET(temperature_reading, GET(a));",253,Disagree,Strongly agree,Agree,Strongly disagree,Neither agree or disagree,Strongly disagree,Agree,Agree,Strongly agree,Disagree,Agree,Strongly disagree,Agree,Agree,Agree,Strongly disagree,Neither agree or disagree,Disagree,Neither agree or disagree,Strongly disagree,Agree,Agree,Strongly disagree,Strongly disagree,Strongly disagree,Strongly disagree,Neither agree or disagree,Strongly disagree,Neither agree or disagree,Disagree,184,none,1 year,4 years,1 year,Slightly below average,Above average,Slightly above average,Average,Slightly above average,Average,Average,Java,Man,18,78,
44,2018-12-28 15:41:25,"Dec 28, 2018 4:05:32 pm",Complete,,,,English,Anonymized,Anonymized,Anonymized,Anonymized,Anonymized,,Anonymized,Anonymized,Anonymized,Anonymized,Anonymized,Anonymized,Anonymized,34,212,Line 9,a = a - b;,209,Line 25,"SET(a, GET(a) - GET(b));",98,Line 16,for (i = 0; i < size - 1; i++),148,Line 47,"SET(j, -1);",218,Line 17,c = temperature_reading * b + a;,42,Line 36,"SET(c, GET(temperature_reading) * GET(b) + GET(a));",183,Neither agree or disagree,Agree,Neither agree or disagree,Disagree,Agree,Disagree,Neither agree or disagree,Agree,Neither agree or disagree,Strongly agree,Agree,Strongly disagree,Agree,Agree,Neither agree or disagree,Neither agree or disagree,Neither agree or disagree,Neither agree or disagree,Agree,Neither agree or disagree,Agree,Agree,Disagree,Disagree,Neither agree or disagree,Disagree,Neither agree or disagree,Neither agree or disagree,Agree,Disagree,177,none,more than 5 years,more than 5 years,1 year,Slightly below average,Slightly above average,Average,Slightly below average,Average,Average,Slightly below average,Java,Man,27,94,
51,2018-12-28 18:38:55,"Dec 28, 2018 7:03:59 pm",Complete,,,,English,Anonymized,Anonymized,Anonymized,Anonymized,Anonymized,,Anonymized,Anonymized,Anonymized,Anonymized,Anonymized,Anonymized,Anonymized,7,123,Line 9,a = a-b;,59,Line 25,"SET(a, GET(a) - GET(b)));",117,Line 16,for (i = 0; i < size-1;i++),137,Line 45,return task_array_loop_inner_incr;,554,Line 15,c = a;,167,Line 31,"SET(c, a);",56,Disagree,Agree,Neither agree or disagree,Disagree,Neither agree or disagree,Disagree,Agree,Agree,Neither agree or disagree,Neither agree or disagree,Disagree,Agree,Agree,Neither agree or disagree,Agree,Agree,Agree,Agree,Neither agree or disagree,Neither agree or disagree,Neither agree or disagree,Neither agree or disagree,Disagree,Strongly disagree,Disagree,Strongly disagree,Neither agree or disagree,Neither agree or disagree,Neither agree or disagree,Neither agree or disagree,166,none,2 years,5 years,none,Below average,Average,Slightly below average,Average,Slightly below average,Average,Average,Java,Man,20,94,
75,2018-12-31 04:27:46,"Dec 31, 2018 5:00:31 am",Complete,,,,English,Anonymized,Anonymized,Anonymized,Anonymized,Anonymized,,Anonymized,Anonymized,Anonymized,Anonymized,Anonymized,Anonymized,Anonymized,78,195,Line 9,a = a -b;,49,Line 25,"SET(a, GET(a) - GET(b));",234,Line 16,for(i=0; i< size-1;i++),186,Line 48,return(task_array_loop_incr),466,Line 14,c = a; also bug in line 17 c = temp * c + a;,62,Line 31,"set(c,get(a)); there is also a bug in 36 (change get(c) with get(a))",305,Strongly disagree,Agree,Strongly agree,Neither agree or disagree,Agree,Neither agree or disagree,Neither agree or disagree,Disagree,Agree,Neither agree or disagree,Agree,Disagree,Agree,Disagree,Agree,Disagree,Agree,Neither agree or disagree,Agree,Disagree,Agree,Disagree,Disagree,Disagree,Neither agree or disagree,Disagree,Neither agree or disagree,Disagree,Agree,Disagree,188,none,more than 5 years,more than 5 years,5 years,Above average,Slightly above average,Average,Slightly above average,Above average,Slightly above average,Slightly above average,C,Man,34,45,
82,2019-01-02 05:50:17,"Jan 2, 2019 6:47:08 am",Complete,,,,English,Anonymized,Anonymized,Anonymized,Anonymized,Anonymized,,Anonymized,Anonymized,Anonymized,Anonymized,Anonymized,Anonymized,Anonymized,943,403,Line 9,a = a - b;,102,Line 25,"SET(a, GET(a) - GET(b));",79,Line 16,for (i=0; i < size-1; i++),279,Line 48,return task_array_loop_incr;,299,Line 12,c = a;,164,Line 31,"SET(c, GET(a));",228,Disagree,Agree,Agree,Disagree,Agree,Disagree,Agree,Neither agree or disagree,Agree,Disagree,Agree,Disagree,Agree,Agree,Agree,Disagree,Agree,Agree,Agree,Disagree,Agree,Neither agree or disagree,Disagree,Disagree,Agree,Disagree,Neither agree or disagree,Disagree,Agree,Disagree,796,4 years,2 years,more than 5 years,2 years,Slightly above average,Slightly above average,Average,Average,Slightly above average,Average,Average,C,Man,27,93,
83,2019-01-02 06:21:47,"Jan 2, 2019 7:24:15 am",Complete,,,,English,Anonymized,Anonymized,Anonymized,Anonymized,Anonymized,,Anonymized,Anonymized,Anonymized,Anonymized,Anonymized,Anonymized,Anonymized,212,1168,Line 9,a = a - b;,52,Line 25,"SET(a, GET(a) - GET(b));",296,Line 16,for (i = 0; i < size-1; i++),244,Line 48,return task_array_loop_incr;,489,Line 17,c = temperature_reading * b + a;,359,Line 36,"SET(c, GET(temperature_reading) * GET(b) + GET(a));",148,Disagree,Agree,Agree,Disagree,Agree,Disagree,Disagree,Disagree,Agree,Agree,Disagree,Agree,Strongly agree,Agree,Agree,Strongly disagree,Agree,Disagree,Strongly agree,Disagree,Strongly agree,Disagree,Disagree,Strongly disagree,Neither agree or disagree,Disagree,Agree,Disagree,Neither agree or disagree,Disagree,224,none,2 years,3 years,1 year,Slightly above average,Average,Slightly below average,Slightly below average,Slightly below average,Slightly below average,Slightly below average,Python,Man,27,104,
86,2019-01-03 03:16:10,"Jan 8, 2019 1:18:49 pm",Complete,,,,English,Anonymized,Anonymized,Anonymized,Anonymized,Anonymized,,Anonymized,Anonymized,Anonymized,Anonymized,Anonymized,Anonymized,Anonymized,73,8,Line 9,a = a - b;,206,Line 25,"SET(a, GET(a) - GET(b));",134,Line 16,for(i=0;i< size-1; i++),429,Line 48,return task_array_loop_incr;,1183,Line 15,c = a;,84,Line 31,"SET(c,GET(a));",475,Disagree,Strongly agree,Strongly agree,Strongly disagree,Strongly agree,Disagree,Agree,Neither agree or disagree,Strongly agree,Disagree,Agree,Agree,Agree,Agree,Strongly agree,Disagree,Strongly agree,Neither agree or disagree,Agree,Neither agree or disagree,Agree,Neither agree or disagree,Neither agree or disagree,Neither agree or disagree,Neither agree or disagree,Neither agree or disagree,Neither agree or disagree,Neither agree or disagree,Agree,Disagree,359,none,more than 5 years,more than 5 years,3 years,Above average,Above average,Below average,Above average,Average,Above average,Above average,JavaScript,Man,39,95,8100041
87,2019-01-03 04:50:26,"Jan 3, 2019 5:30:52 am",Complete,,,,English,Anonymized,Anonymized,Anonymized,Anonymized,Anonymized,,Anonymized,Anonymized,Anonymized,Anonymized,Anonymized,Anonymized,Anonymized,209,195,Line 9,a = a - b;,188,Line 25,"SET(a, GET(a) - GET(b));",174,Line 16,"for (i=0, i < size-1; i++)",231,Line 48,return task_array_loop_incr;,583,Line 10,"float a=32.0f, b=9.0f/5.0f, c=0.0f;",433,Line 31,"SET(c, GET(a));",151,Disagree,Agree,Agree,Disagree,Agree,Neither agree or disagree,Agree,Disagree,Agree,Strongly disagree,Agree,Strongly disagree,Agree,Agree,Agree,Agree,Agree,Disagree,Agree,Disagree,Agree,Neither agree or disagree,Neither agree or disagree,Strongly disagree,Neither agree or disagree,Strongly disagree,Neither agree or disagree,Disagree,Agree,Disagree,175,3 years,1 year,2 years,1 year,Average,Slightly above average,Slightly below average,Slightly below average,Average,Slightly below average,Slightly below average,Python,Man,27,62,
88,2019-01-03 05:09:42,"Jan 3, 2019 5:27:22 am",Complete,,,,English,Anonymized,Anonymized,Anonymized,Anonymized,Anonymized,,Anonymized,Anonymized,Anonymized,Anonymized,Anonymized,Anonymized,Anonymized,60,28,Line 9,a = a-b,21,Line 25,"SET(a, GET(a)-GET(b))",210,Line 16,for(i=0; i< size-1; i++),202,Line 41,if (Get(i) < Get(size)-Get(i)-1,197,Line 15,c =32,76,Line 31,"SET(c,32)",65,Strongly disagree,Neither agree or disagree,Strongly agree,Neither agree or disagree,Strongly agree,Disagree,Strongly agree,Agree,Strongly agree,Disagree,Strongly agree,Disagree,Strongly agree,Strongly agree,Strongly agree,Disagree,Strongly agree,Neither agree or disagree,Strongly agree,Neither agree or disagree,Strongly agree,Neither agree or disagree,Neither agree or disagree,Strongly disagree,Strongly agree,Disagree,Strongly agree,Disagree,Strongly agree,Disagree,141,none,more than 5 years,more than 5 years,more than 5 years,Above average,Above average,Average,Slightly above average,Above average,Above average,Above average,C,Man,37,37,
89,2019-01-03 06:40:43,"Jan 3, 2019 7:17:57 am",Complete,,,,English,Anonymized,Anonymized,Anonymized,Anonymized,Anonymized,,Anonymized,Anonymized,Anonymized,Anonymized,Anonymized,Anonymized,Anonymized,47,500,Line 9,a = a - b;,57,Line 25,"SET(a, GET(a) - GET(b));",131,Line 16,for (i = 0; i < size-1; i++),135,Line 48,return task_array_loop_incr;,797,Line 15,c = a;,118,Line 31,"SET(c, GET(a));",113,Disagree,Neither agree or disagree,Agree,Neither agree or disagree,Strongly agree,Agree,Agree,Agree,Strongly agree,Agree,Agree,Agree,Strongly agree,Strongly agree,Strongly agree,Agree,Strongly agree,Strongly agree,Agree,Strongly agree,Strongly agree,Agree,Strongly agree,Strongly agree,Strongly agree,Strongly agree,Disagree,Disagree,Agree,Agree,186,3 years,4 years,2 years,5 years,Average,Below average,Above average,Slightly above average,Above average,Average,Slightly above average,C,Man,32,92,
90,2019-01-03 08:26:53,"Jan 3, 2019 9:04:47 am",Complete,,,,English,Anonymized,Anonymized,Anonymized,Anonymized,Anonymized,,Anonymized,Anonymized,Anonymized,Anonymized,Anonymized,Anonymized,Anonymized,164,223,Line 9,a = a - b;,117,Line 25,"SET(a, GET(a) - GET(b));",226,Line 16,for(i = 0; i < size-1; i++),178,Line 48,return rask_array_loop_incr);,373,Line 15,c = a;,284,Line 31,"SET(c, GET(a));",230,Disagree,Agree,Agree,Disagree,Agree,Disagree,Agree,Neither agree or disagree,Agree,Disagree,Agree,Strongly disagree,Agree,Agree,Agree,Strongly disagree,Agree,Agree,Agree,Strongly disagree,Agree,Neither agree or disagree,Neither agree or disagree,Strongly disagree,Neither agree or disagree,Strongly disagree,Neither agree or disagree,Strongly disagree,Agree,Disagree,382,more than 5 years,more than 5 years,more than 5 years,more than 5 years,Slightly above average,Slightly above average,Slightly above average,Above average,Slightly above average,Slightly above average,Average,C,Man,23,82,
91,2019-01-03 08:34:27,"Jan 3, 2019 9:01:09 am",Complete,,,,English,Anonymized,Anonymized,Anonymized,Anonymized,Anonymized,,Anonymized,Anonymized,Anonymized,Anonymized,Anonymized,Anonymized,Anonymized,57,139,Line 9,a = a - b;,126,Line 25,"SET(a, GET(a) - GET(b));",54,Line 16,for(i = 0; i < size-1; i++),147,Line 48,return task_array_loop_incr;,331,Line 15,c = a;,116,Line 31,"SET(c, GET(a));",334,Strongly disagree,Strongly disagree,Agree,Agree,Agree,Strongly agree,Agree,Agree,Neither agree or disagree,Agree,Neither agree or disagree,Neither agree or disagree,Agree,Strongly agree,Strongly agree,Strongly agree,Agree,Strongly agree,Neither agree or disagree,Strongly agree,Neither agree or disagree,Strongly agree,Strongly agree,Agree,Neither agree or disagree,Neither agree or disagree,Neither agree or disagree,Neither agree or disagree,Strongly agree,Strongly agree,158,none,none,5 years,3 years,Above average,Above average,Slightly above average,Average,Above average,Average,Average,C++,Man,22,85,
92,2019-01-03 08:26:39,"Jan 3, 2019 9:13:30 am",Complete,,,,English,Anonymized,Anonymized,Anonymized,Anonymized,Anonymized,,Anonymized,Anonymized,Anonymized,Anonymized,Anonymized,Anonymized,Anonymized,587,520,Line 9,a = a - b;,157,Line 25,"SET(a, GET(a) - GET(b));",106,Line 16,for (i = 0; i < size-1; i++),372,Line 48,return task_array_loop;,256,Line 15,c = a;,137,Line 31,"SET(c, GET(a));",382,Disagree,Agree,Strongly agree,Neither agree or disagree,Agree,Disagree,Agree,Agree,Strongly agree,Agree,Agree,Agree,Agree,Agree,Agree,Agree,Agree,Disagree,Agree,Neither agree or disagree,Agree,Neither agree or disagree,Disagree,Disagree,Neither agree or disagree,Disagree,Neither agree or disagree,Disagree,Neither agree or disagree,Neither agree or disagree,197,3 years,2 years,5 years,4 years,Slightly above average,Slightly above average,Slightly below average,Slightly below average,Slightly above average,Slightly below average,Slightly below average,C,Man,25,65,
93,2019-01-03 10:35:28,"Jan 3, 2019 11:24:29 am",Complete,,,,English,Anonymized,Anonymized,Anonymized,Anonymized,Anonymized,,Anonymized,Anonymized,Anonymized,Anonymized,Anonymized,Anonymized,Anonymized,210,237,Line 9,a = a - b;,33,Line 25,"SET(a, get(a) - GET(b));",299,Line 16,for (i = 0; i < size-1; i++),105,Line 48,return task_array_loop_incr;,592,Line 15,c = a;,101,Line 31,"SET(c, GET(a));",450,Strongly disagree,Agree,Strongly agree,Disagree,Strongly agree,Disagree,Agree,Neither agree or disagree,Agree,Strongly disagree,Strongly agree,Strongly disagree,Strongly agree,Agree,Agree,Disagree,Agree,Neither agree or disagree,Strongly agree,Strongly disagree,Strongly agree,Strongly disagree,Neither agree or disagree,Strongly disagree,Agree,Strongly disagree,Neither agree or disagree,Strongly disagree,Agree,Disagree,440,none,2 years,5 years,1 year,Slightly above average,Average,Below average,Slightly above average,Average,Slightly above average,Above average,Python,Man,24,285,
94,2019-01-03 11:21:59,"Jan 3, 2019 11:42:49 am",Complete,,,,English,Anonymized,Anonymized,Anonymized,Anonymized,Anonymized,,Anonymized,Anonymized,Anonymized,Anonymized,Anonymized,Anonymized,Anonymized,43,103,Line 9,a = a - b;,47,Line 25,"Set(a, GET(a) - GET(b));",128,Line 16,i++,185,Line 48,return task_array_loop_incr;,276,Line 15,c = a;,70,Line 31,"SET(c, GET(a));",97,Neither agree or disagree,Agree,Neither agree or disagree,Disagree,Agree,Agree,Agree,Agree,Agree,Strongly disagree,Agree,Strongly disagree,Agree,Agree,Strongly agree,Neither agree or disagree,Strongly agree,Agree,Agree,Agree,Agree,Agree,Neither agree or disagree,Neither agree or disagree,Neither agree or disagree,Neither agree or disagree,Neither agree or disagree,Neither agree or disagree,Neither agree or disagree,Neither agree or disagree,198,3 years,2 years,4 years,3 years,Slightly above average,Above average,Slightly below average,Slightly above average,Slightly above average,Above average,Above average,Python,Man,26,95,
97,2019-01-04 03:32:45,"Jan 4, 2019 3:53:51 am",Complete,,,,English,Anonymized,Anonymized,Anonymized,Anonymized,Anonymized,,Anonymized,Anonymized,Anonymized,Anonymized,Anonymized,Anonymized,Anonymized,49,129,Line 9,a = a - b;,61,Line 26,"SET(result, -GET(a));",59,Line 16,for (i=0; i< size-1; i++),308,Line 48,return task_array_loop_incr;,185,Line 15,c = 32.0f;,41,Line 31,"SET(c, 32.0f)",142,Disagree,Agree,Agree,Disagree,Agree,Agree,Strongly disagree,Strongly disagree,Neither agree or disagree,Agree,Disagree,Strongly disagree,Agree,Agree,Neither agree or disagree,Neither agree or disagree,Agree,Agree,Agree,Neither agree or disagree,Strongly agree,Strongly agree,Disagree,Disagree,Neither agree or disagree,Neither agree or disagree,Neither agree or disagree,Neither agree or disagree,Neither agree or disagree,Neither agree or disagree,178,2 years,more than 5 years,more than 5 years,2 years,Average,Average,Slightly below average,Below average,Slightly below average,Below average,Below average,Other,Man,38,74,
99,2019-01-04 08:34:52,"Jan 4, 2019 8:50:50 am",Complete,,,,English,Anonymized,Anonymized,Anonymized,Anonymized,Anonymized,,Anonymized,Anonymized,Anonymized,Anonymized,Anonymized,Anonymized,Anonymized,105,100,Line 9,a = a - b;,84,Line 25,"SET(a, GET(a) - GET(b));",49,Line 16,for (i = 0; i < size -1; i++),147,Line 48,return task_array_loop_incr;,94,Line 15,c = 32;,91,Line 31,"SET(c, 32.0f);",105,Neither agree or disagree,Disagree,Neither agree or disagree,Agree,Neither agree or disagree,Agree,Disagree,Agree,Disagree,Strongly agree,Agree,Disagree,Neither agree or disagree,Strongly agree,Neither agree or disagree,Strongly agree,Neither agree or disagree,Strongly agree,Disagree,Agree,Neither agree or disagree,Agree,Disagree,Disagree,Agree,Agree,Neither agree or disagree,Neither agree or disagree,Neither agree or disagree,Agree,99,none,5 years,5 years,none,Average,Slightly above average,Slightly below average,Below average,Slightly below average,Below average,Below average,Python,Man,25,61,
108,2019-01-04 10:51:38,"Jan 4, 2019 11:29:48 am",Complete,,,,English,Anonymized,Anonymized,Anonymized,Anonymized,Anonymized,,Anonymized,Anonymized,Anonymized,Anonymized,Anonymized,Anonymized,Anonymized,184,448,Line 9,a = a - b,82,Line 25,"SET(a, GET(a) - GET(b))",57,Line 16,"for(i = 0, i < size-1, i++)",126,Line 48,return task_loop_incr_array,553,Line 15,c = a,94,Line 31,"SET(a, temperature_reading)",231,Disagree,Strongly disagree,Agree,Agree,Neither agree or disagree,Agree,Neither agree or disagree,Agree,Agree,Disagree,Agree,Disagree,Agree,Neither agree or disagree,Agree,Strongly agree,Disagree,Neither agree or disagree,Disagree,Agree,Agree,Agree,Agree,Agree,Neither agree or disagree,Neither agree or disagree,Neither agree or disagree,Neither agree or disagree,Neither agree or disagree,Neither agree or disagree,327,none,1 year,1 year,none,Slightly below average,Slightly below average,Slightly below average,Slightly below average,Slightly below average,Slightly below average,Slightly below average,Java,Woman,18,165,
112,2019-01-04 11:36:43,"Jan 4, 2019 12:23:10 pm",Complete,,,,English,Anonymized,Anonymized,Anonymized,Anonymized,Anonymized,,Anonymized,Anonymized,Anonymized,Anonymized,Anonymized,Anonymized,Anonymized,58,203,Line 9,a = a - b;,45,Line 25,"SET(a, GET(a) - GET(b));",55,Line 16,for (i = 0; i < size - 1; i++),45,Line 48,return task_array_loop_incr;,208,Line 15,c = 32.0f;,33,Line 31,"SET(c, 32.0f);",188,Disagree,Strongly agree,Agree,Strongly disagree,Agree,Disagree,Agree,Agree,Agree,Agree,Agree,Disagree,Agree,Agree,Agree,Disagree,Agree,Neither agree or disagree,Agree,Disagree,Agree,Disagree,Neither agree or disagree,Strongly disagree,Neither agree or disagree,Strongly disagree,Neither agree or disagree,Strongly disagree,Agree,Neither agree or disagree,1889,none,more than 5 years,more than 5 years,none,Slightly above average,Above average,Average,Below average,Slightly below average,Below average,Below average,Java,Man,26,53,
115,2019-01-05 05:09:30,"Jan 5, 2019 6:11:36 am",Complete,,,,English,Anonymized,Anonymized,Anonymized,Anonymized,Anonymized,,Anonymized,Anonymized,Anonymized,Anonymized,Anonymized,Anonymized,Anonymized,266,160,Line 9,a=a-b;,72,Line 25,"SET(a,GET(a)-GET(b));",344,Line 16,for (i=0;i< size-1;i++),455,Line 45,return task_array_loop_incr,604,Line 17,c=a,446,Line 36,"SET(c,GET(a)",460,Agree,Disagree,Disagree,Agree,Disagree,Disagree,Agree,Agree,Neither agree or disagree,Agree,Neither agree or disagree,Neither agree or disagree,Agree,Agree,Disagree,Strongly agree,Neither agree or disagree,Neither agree or disagree,Disagree,Strongly agree,Disagree,Strongly agree,Neither agree or disagree,Strongly agree,Neither agree or disagree,Agree,Neither agree or disagree,Neither agree or disagree,Disagree,Agree,479,more than 5 years,1 year,3 years,5 years,Slightly above average,Slightly above average,Slightly above average,Slightly below average,Average,Slightly below average,Slightly below average,Python,Man,29,307,
116,2019-01-05 08:18:13,"Jan 5, 2019 9:11:50 am",Complete,,,,English,Anonymized,Anonymized,Anonymized,Anonymized,Anonymized,,Anonymized,Anonymized,Anonymized,Anonymized,Anonymized,Anonymized,Anonymized,1953,156,Line 9,a = a - b;,39,Line 25,"SET(a, GET(a) - GET(b));",178,Line 16,for (i = 0; i < size - 1; i++),83,Line 48,return task_array_loop_incr;,361,Line 15,c = a;,116,Line 31,"SET(c, GET(a));",107,Disagree,Agree,Agree,Disagree,Strongly agree,Neither agree or disagree,Strongly agree,Strongly agree,Strongly agree,Disagree,Strongly agree,Disagree,Agree,Agree,Strongly agree,Agree,Agree,Neither agree or disagree,Agree,Disagree,Agree,Disagree,Neither agree or disagree,Disagree,Neither agree or disagree,Disagree,Neither agree or disagree,Disagree,Agree,Neither agree or disagree,142,none,4 years,4 years,none,Above average,Above average,Average,Average,Average,Average,Average,Java,Man,22,58,
118,2019-01-05 10:00:13,"Jan 5, 2019 10:24:11 am",Complete,,,,English,Anonymized,Anonymized,Anonymized,Anonymized,Anonymized,,Anonymized,Anonymized,Anonymized,Anonymized,Anonymized,Anonymized,Anonymized,112,143,Line 9,a = a - b;,145,Line 25,"SET(a, GET(a) - GET(b));",86,Line 16,for (i = 0; i < size-1; i++),46,Line 54,tmp = GET(arr[j+1]);,169,Line 15,c = 32.0f;,70,Line 31,"SET(c, 32.0f);",357,Disagree,Strongly agree,Neither agree or disagree,Strongly disagree,Agree,Disagree,Neither agree or disagree,Neither agree or disagree,Agree,Disagree,Agree,Disagree,Neither agree or disagree,Strongly disagree,Agree,Strongly disagree,Agree,Agree,Agree,Strongly disagree,Agree,Strongly disagree,Strongly disagree,Strongly disagree,Neither agree or disagree,Strongly disagree,Neither agree or disagree,Strongly disagree,Neither agree or disagree,Disagree,135,none,4 years,4 years,none,Slightly below average,Slightly above average,Average,Average,Slightly above average,Average,Average,Other,Man,21,77,
124,2019-01-05 15:16:18,"Jan 5, 2019 4:53:03 pm",Complete,,,,English,Anonymized,Anonymized,Anonymized,Anonymized,Anonymized,,Anonymized,Anonymized,Anonymized,Anonymized,Anonymized,Anonymized,Anonymized,2845,265,Line 9,a = a - b,279,Line 25,"SET(a, GET(a)-GET(b));",139,Line 16,for (i = 0; i< size-1: i++),430,Line 56,"SET(arr[j+1], GET(tmp))",264,Line 15,c = a;,139,Line 31,"Set(c, Get(a))",789,Strongly disagree,Agree,Strongly agree,Disagree,Agree,Neither agree or disagree,Agree,Agree,Agree,Disagree,Strongly agree,Neither agree or disagree,Strongly agree,Agree,Strongly agree,Disagree,Strongly agree,Neither agree or disagree,Strongly agree,Neither agree or disagree,Strongly agree,Neither agree or disagree,Agree,Neither agree or disagree,Agree,Neither agree or disagree,Neither agree or disagree,Disagree,Agree,Disagree,500,none,more than 5 years,more than 5 years,none,Slightly below average,Average,Below average,Below average,Below average,Below average,Below average,Java,Man,38,90,
130,2019-01-07 02:32:38,"Jan 7, 2019 3:41:18 am",Complete,,,,English,Anonymized,Anonymized,Anonymized,Anonymized,Anonymized,,Anonymized,Anonymized,Anonymized,Anonymized,Anonymized,Anonymized,Anonymized,454,1587,Line 9,a = a - b,27,Line 25,"SET(a, GET(a) - GET(b));",240,Line 16,for(i = 0; i < size-1; i++),1250,Line 48,return task_array_loop_incr;,137,Line 15,c = a,36,Line 31,"SET(c, GET(a))",179,Disagree,Neither agree or disagree,Agree,Neither agree or disagree,Strongly agree,Disagree,Agree,Neither agree or disagree,Neither agree or disagree,Agree,Agree,Disagree,Neither agree or disagree,Agree,Agree,Agree,Disagree,Agree,Agree,Neither agree or disagree,Agree,Agree,Disagree,Disagree,Neither agree or disagree,Neither agree or disagree,Neither agree or disagree,Neither agree or disagree,Agree,Agree,134,none,more than 5 years,more than 5 years,none,Above average,Above average,Average,Below average,Average,Below average,Below average,Java,Man,37,52,
132,2019-01-07 03:05:28,"Jan 7, 2019 3:28:37 am",Complete,,,,English,Anonymized,Anonymized,Anonymized,Anonymized,Anonymized,,Anonymized,Anonymized,Anonymized,Anonymized,Anonymized,Anonymized,Anonymized,5,71,Line 9,a = a - b,26,Line 25,"SET(a, GET(a) - GET(b));",157,Line 16,for(i=0; i< size-1; iu++),128,Line 54,"SET(tmp, GET(arr[j]);",375,Line 15,c = a;,61,Line 31,"SET(c, GET(a));",194,Disagree,Agree,Strongly agree,Disagree,Strongly agree,Disagree,Strongly agree,Disagree,Strongly agree,Neither agree or disagree,Strongly agree,Strongly disagree,Strongly agree,Neither agree or disagree,Strongly agree,Disagree,Strongly agree,Neither agree or disagree,Agree,Disagree,Agree,Strongly disagree,Neither agree or disagree,Neither agree or disagree,Neither agree or disagree,Disagree,Neither agree or disagree,Disagree,Agree,Disagree,145,none,more than 5 years,more than 5 years,more than 5 years,Above average,Above average,Average,Slightly below average,Slightly above average,Slightly below average,Slightly below average,Scala,Man,41,64,
134,2019-01-07 05:23:32,"Jan 7, 2019 5:51:13 am",Complete,,,,English,Anonymized,Anonymized,Anonymized,Anonymized,Anonymized,,Anonymized,Anonymized,Anonymized,Anonymized,Anonymized,Anonymized,Anonymized,488,150,Line 9,a = a - b;,24,Line 25,"SET(a, GET(a) - GET(b));",67,Line 16,for (i = 0; i < size - 1; i++),168,Line 48,return task_array_loop_incr;,222,Line 15,c = a;,39,Line 31,"SET(c, a);",302,Strongly disagree,Agree,Strongly agree,Disagree,Strongly agree,Disagree,Neither agree or disagree,Neither agree or disagree,Agree,Agree,Agree,Agree,Agree,Agree,Agree,Agree,Strongly agree,Agree,Agree,Agree,Agree,Agree,Neither agree or disagree,Disagree,Neither agree or disagree,Disagree,Neither agree or disagree,Disagree,Agree,Neither agree or disagree,146,none,more than 5 years,more than 5 years,2 years,Slightly above average,Above average,Below average,Below average,Slightly below average,Below average,Below average,Java,Man,33,39,
137,2019-01-07 07:06:39,"Jan 7, 2019 7:40:54 am",Complete,,,,English,Anonymized,Anonymized,Anonymized,Anonymized,Anonymized,,Anonymized,Anonymized,Anonymized,Anonymized,Anonymized,Anonymized,Anonymized,4,253,Line 9,a=a-b;,44,Line 25,"SET(a, GET(a) - GET(b));",236,Line 16,for (i = 0;  i < size-1; i++),144,Line 48,return task_array_loop_incr,524,Line 5,c = a;,191,Line 31,"SET(c, GET(a));",130,Disagree,Agree,Agree,Disagree,Agree,Disagree,Neither agree or disagree,Neither agree or disagree,Agree,Disagree,Strongly agree,Strongly disagree,Agree,Disagree,Agree,Agree,Neither agree or disagree,Neither agree or disagree,Agree,Disagree,Agree,Disagree,Disagree,Strongly disagree,Neither agree or disagree,Disagree,Disagree,Strongly disagree,Neither agree or disagree,Disagree,223,more than 5 years,2 years,3 years,2 years,Average,Average,Average,Slightly below average,Slightly above average,Slightly above average,Slightly above average,Java,Man,18,268,
140,2019-01-07 07:51:41,"Jan 7, 2019 9:05:28 am",Complete,,,,English,Anonymized,Anonymized,Anonymized,Anonymized,Anonymized,,Anonymized,Anonymized,Anonymized,Anonymized,Anonymized,Anonymized,Anonymized,1680,341,Line 9,a = a - b,182,Line 25,"SET(a, GET(a) - GET(b))",233,Line 16,for(i=0;i< size-1;i++),140,Line 48,return task_array_loop_incr,790,Line 15,c = 32,291,Line 31,"SET(c, 32)",229,Neither agree or disagree,Strongly agree,Strongly disagree,Neither agree or disagree,Neither agree or disagree,Neither agree or disagree,Neither agree or disagree,Neither agree or disagree,Neither agree or disagree,Strongly disagree,Disagree,Strongly disagree,Agree,Agree,Neither agree or disagree,Strongly disagree,Neither agree or disagree,Strongly agree,Neither agree or disagree,Disagree,Neither agree or disagree,Strongly disagree,Neither agree or disagree,Neither agree or disagree,Neither agree or disagree,Neither agree or disagree,Neither agree or disagree,Neither agree or disagree,Disagree,Strongly disagree,360,none,5 years,more than 5 years,none,Below average,Above average,Average,Average,Average,Average,Average,Scala,Man,36,138,
142,2019-01-07 07:41:01,"Jan 7, 2019 8:53:20 am",Complete,,,,English,Anonymized,Anonymized,Anonymized,Anonymized,Anonymized,,Anonymized,Anonymized,Anonymized,Anonymized,Anonymized,Anonymized,Anonymized,2814,172,Line 9,a=a-b;,41,Line 25,"SET(a, GET(a) - GET(b));",96,Line 16,for (i = 0; i < size - 1; i++),178,Line 48,return task_array_loop_incr;,479,Line 15,c = 32;,186,Line 31,"SET(c, 32);",77,Neither agree or disagree,Agree,Neither agree or disagree,Disagree,Agree,Neither agree or disagree,Agree,Neither agree or disagree,Agree,Agree,Agree,Disagree,Agree,Agree,Agree,Disagree,Agree,Agree,Agree,Disagree,Disagree,Disagree,Strongly disagree,Strongly disagree,Strongly disagree,Strongly disagree,Disagree,Disagree,Agree,Neither agree or disagree,169,4 years,2 years,more than 5 years,2 years,Average,Above average,Average,Average,Average,Slightly below average,Slightly below average,JavaScript,Man,27,96,
152,2019-01-07 09:37:58,"Jan 7, 2019 10:12:24 am",Complete,,,,English,Anonymized,Anonymized,Anonymized,Anonymized,Anonymized,,Anonymized,Anonymized,Anonymized,Anonymized,Anonymized,Anonymized,Anonymized,122,131,Line 9,a = a - b;,165,Line 25,"SET(a, GET(a) - GET(b));",178,Line 19,"swap(arr[j], arr[j+1]);",338,Line 5,ENTRY_TASK(bubblesort_task_init);,539,Line 15,c = a;,99,Line 31,"SET(temperature_reading, a);",296,Neither agree or disagree,Neither agree or disagree,Neither agree or disagree,Neither agree or disagree,Neither agree or disagree,Neither agree or disagree,Neither agree or disagree,Neither agree or disagree,Neither agree or disagree,Neither agree or disagree,Neither agree or disagree,Neither agree or disagree,Agree,Strongly agree,Agree,Agree,Neither agree or disagree,Neither agree or disagree,Neither agree or disagree,Neither agree or disagree,Agree,Agree,Neither agree or disagree,Neither agree or disagree,Neither agree or disagree,Neither agree or disagree,Neither agree or disagree,Neither agree or disagree,Agree,Agree,107,none,1 year,1 year,none,Slightly below average,Below average,Below average,Below average,Below average,Below average,Below average,C,Man,19,66,
157,2019-01-07 10:11:47,"Jan 7, 2019 10:40:48 am",Complete,,,,English,Anonymized,Anonymized,Anonymized,Anonymized,Anonymized,,Anonymized,Anonymized,Anonymized,Anonymized,Anonymized,Anonymized,Anonymized,312,190,Line 9,a = a - b;,41,Line 25,"SET(a, GET(a)-GET(b))",105,Line 16,for ( i =0; i< size-1; i++),132,Line 48,return task_array_loop_incr;,233,Line 15,c = a;,60,Line 31,"SET(c, GET(a));",368,Disagree,Agree,Agree,Disagree,Agree,Strongly agree,Agree,Disagree,Agree,Disagree,Agree,Disagree,Agree,Neither agree or disagree,Agree,Disagree,Agree,Agree,Neither agree or disagree,Neither agree or disagree,Neither agree or disagree,Neither agree or disagree,Disagree,Disagree,Disagree,Disagree,Neither agree or disagree,Disagree,Agree,Disagree,207,none,more than 5 years,more than 5 years,none,Slightly above average,Slightly above average,Below average,Below average,Slightly below average,Below average,Below average,Java,Man,33,68,7100004
162,2019-01-07 10:18:51,"Jan 7, 2019 10:41:23 am",Complete,,,,English,Anonymized,Anonymized,Anonymized,Anonymized,Anonymized,,Anonymized,Anonymized,Anonymized,Anonymized,Anonymized,Anonymized,Anonymized,5,27,Line 1,a = a - b;,173,Line 27,return task3;,101,Line 16,for (i = 0; i < size-i; j++ {,113,Line 64,return tas_array_loop_inner_incr;,333,Line 17,c= temperature_reading * b / a;,185,Line 36,"SET(c , get(temperature_reading) * GET(b) / GET(a));",262,Disagree,Disagree,Agree,Agree,Neither agree or disagree,Neither agree or disagree,Neither agree or disagree,Neither agree or disagree,Disagree,Disagree,Neither agree or disagree,Neither agree or disagree,Neither agree or disagree,Neither agree or disagree,Disagree,Disagree,Agree,Agree,Strongly disagree,Strongly disagree,Strongly disagree,Strongly disagree,Strongly disagree,Strongly disagree,Strongly disagree,Strongly disagree,Strongly disagree,Strongly disagree,Neither agree or disagree,Neither agree or disagree,93,none,4 years,more than 5 years,3 years,Average,Slightly above average,Slightly above average,Slightly below average,Average,Slightly below average,Slightly below average,Other,Man,36,40,7100005
164,2019-01-07 10:19:07,"Jan 7, 2019 10:37:01 am",Complete,,,,English,Anonymized,Anonymized,Anonymized,Anonymized,Anonymized,,Anonymized,Anonymized,Anonymized,Anonymized,Anonymized,Anonymized,Anonymized,10,181,Line 9,a = a - b;,90,Line 25,"SET(a, GET(a) - GET(b));",105,Line 16,for (i =0; i < size-1; i++) {,135,Line 56,"SET(arr[j-1], tmp);",171,Line 15,c = a;,107,Line 31,"SET(c, GET(a));",81,Disagree,Neither agree or disagree,Agree,Neither agree or disagree,Agree,Disagree,Agree,Agree,Agree,Agree,Agree,Neither agree or disagree,Agree,Agree,Agree,Disagree,Agree,Neither agree or disagree,Agree,Disagree,Agree,Disagree,Disagree,Disagree,Disagree,Disagree,Disagree,Disagree,Agree,Disagree,109,1 year,2 years,more than 5 years,1 year,Average,Slightly above average,Slightly above average,Below average,Average,Below average,Below average,Other,Man,40,58,7100002
166,2019-01-07 10:19:09,"Jan 7, 2019 10:28:03 am",Complete,,,,English,Anonymized,Anonymized,Anonymized,Anonymized,Anonymized,,Anonymized,Anonymized,Anonymized,Anonymized,Anonymized,Anonymized,Anonymized,27,50,Line 9,a2 = b-a;,36,Line 27,return task3;,58,Line 10,*X = tmp;,41,Line 20,"SET(arr, 10);",93,Line 14,if (expired(temperature_reading)),58,Line 22,if (expired{GET{temperature_reading))),49,Strongly agree,Agree,Agree,Agree,Agree,Agree,Neither agree or disagree,Neither agree or disagree,Disagree,Disagree,Disagree,Disagree,Disagree,Disagree,Strongly disagree,Strongly disagree,Strongly disagree,Strongly disagree,Disagree,Disagree,Neither agree or disagree,Neither agree or disagree,Strongly disagree,Strongly disagree,Neither agree or disagree,Disagree,Neither agree or disagree,Neither agree or disagree,Neither agree or disagree,Neither agree or disagree,66,none,3 years,1 year,none,Below average,Average,Below average,Below average,Below average,Below average,Below average,Other,Man,28,36,7100001
167,2019-01-07 10:18:17,"Jan 7, 2019 10:28:13 am",Complete,,,,English,Anonymized,Anonymized,Anonymized,Anonymized,Anonymized,,Anonymized,Anonymized,Anonymized,Anonymized,Anonymized,Anonymized,Anonymized,88,102,Line 9,a= b -a;,37,Line 25,),35,Line 22,},31,Line 55,)),19,Line 17,C = temperature_reading * + a ;,86,Line 14,"SER(c,0.of);",59,Agree,Strongly agree,Agree,Agree,Agree,Agree,Strongly agree,Neither agree or disagree,Agree,Agree,Agree,Strongly agree,Strongly agree,Strongly agree,Neither agree or disagree,Strongly agree,Agree,Strongly agree,Disagree,Disagree,Neither agree or disagree,Agree,Agree,Agree,Strongly agree,Neither agree or disagree,Strongly agree,Strongly agree,Agree,Strongly agree,72,4 years,5 years,3 years,4 years,Slightly above average,Slightly above average,Average,Above average,Above average,Slightly above average,Slightly above average,Java,Man,28,37,7100000
169,2019-01-07 10:18:08,"Jan 7, 2019 10:55:11 am",Complete,,,,English,Anonymized,Anonymized,Anonymized,Anonymized,Anonymized,,Anonymized,Anonymized,Anonymized,Anonymized,Anonymized,Anonymized,Anonymized,116,161,Line 9,a = a - b;,73,Line 25,"SET(a, GET(a) - GET(b));",109,Line 16,for (i = 0; i < size-1; i++),384,Line 48,return task_array_loop_incr;,685,Line 15,c = a;,213,Line 31,"SET(c, GET(a));",145,Neither agree or disagree,Agree,Agree,Neither agree or disagree,Strongly agree,Neither agree or disagree,Agree,Agree,Agree,Neither agree or disagree,Agree,Neither agree or disagree,Agree,Neither agree or disagree,Agree,Agree,Neither agree or disagree,Agree,Agree,Neither agree or disagree,Agree,Neither agree or disagree,Neither agree or disagree,Agree,Neither agree or disagree,Agree,Agree,Agree,Agree,Neither agree or disagree,195,1 year,3 years,3 years,1 year,Above average,Slightly above average,Average,Slightly below average,Average,Slightly below average,Slightly below average,Java,Man,23,81,7100007
170,2019-01-07 10:18:15,"Jan 7, 2019 10:45:18 am",Complete,,,,English,Anonymized,Anonymized,Anonymized,Anonymized,Anonymized,,Anonymized,Anonymized,Anonymized,Anonymized,Anonymized,Anonymized,Anonymized,134,299,Line 9,a = a - b;,102,Line 25,"SET (a, GET(a) - GET(b));",62,Line 16,for (i = 0; i < size - 1; i++),183,Line 41,if (GET(j) < GET(size) - GET(j)-1) {,390,Line 15,c = 32.0f;,173,Line 31,"SET(c, 32.0f);",94,Disagree,Agree,Agree,Disagree,Agree,Disagree,Agree,Agree,Agree,Agree,Agree,Disagree,Agree,Agree,Agree,Disagree,Agree,Agree,Agree,Disagree,Agree,Disagree,Strongly disagree,Strongly disagree,Strongly disagree,Strongly disagree,Strongly disagree,Strongly disagree,Agree,Disagree,121,none,none,more than 5 years,none,Average,Slightly above average,Average,Slightly below average,Slightly below average,Slightly below average,Slightly below average,Other,Man,42,53,7100006
176,2019-01-07 10:24:19,"Jan 7, 2019 10:38:00 am",Complete,,,,English,Anonymized,Anonymized,Anonymized,Anonymized,Anonymized,,Anonymized,Anonymized,Anonymized,Anonymized,Anonymized,Anonymized,Anonymized,22,63,Line 6,"int a =3, b = 3;",56,Line 14,return task1;,69,Line 24,int main(),42,Line 42,if (GET(arr[i] > GET(arr[arr[i+1])) {,222,Line 15,(a+b)= temperature_reading;,82,Line 15,"SET (temperature_reading, read_temperature());",109,Disagree,Disagree,Agree,Agree,Agree,Agree,Neither agree or disagree,Neither agree or disagree,Agree,Agree,Neither agree or disagree,Neither agree or disagree,Agree,Agree,Agree,Agree,Agree,Agree,Agree,Agree,Agree,Agree,Disagree,Disagree,Disagree,Disagree,Neither agree or disagree,Neither agree or disagree,Neither agree or disagree,Neither agree or disagree,88,4 years,1 year,1 year,2 years,Slightly below average,Slightly below average,Slightly above average,Slightly above average,Slightly above average,Slightly above average,Slightly above average,Python,Man,31,51,7100003
179,2019-01-07 10:17:51,"Jan 7, 2019 11:04:31 am",Complete,,,,English,Anonymized,Anonymized,Anonymized,Anonymized,Anonymized,,Anonymized,Anonymized,Anonymized,Anonymized,Anonymized,Anonymized,Anonymized,447,259,Line 9,a = a - b;,38,Line 25,"SET(a, GET(a) - GET(b));",394,Line 16,for (i=0; i < size-1; i++),105,Line 48,return task_array_loop_incr;,928,Line 15,c = 32;,163,Line 31,"SET(c, GET(a));",109,Disagree,Strongly agree,Strongly agree,Disagree,Strongly agree,Disagree,Neither agree or disagree,Neither agree or disagree,Agree,Disagree,Strongly agree,Disagree,Neither agree or disagree,Neither agree or disagree,Strongly agree,Disagree,Agree,Disagree,Neither agree or disagree,Neither agree or disagree,Neither agree or disagree,Neither agree or disagree,Disagree,Strongly disagree,Disagree,Strongly disagree,Disagree,Strongly disagree,Agree,Strongly disagree,200,none,none,4 years,none,Average,Slightly above average,Below average,Below average,Below average,Below average,Below average,JavaScript,Man,21,128,7100010
190,2019-01-07 10:32:32,"Jan 7, 2019 11:03:36 am",Complete,,,,English,Anonymized,Anonymized,Anonymized,Anonymized,Anonymized,,Anonymized,Anonymized,Anonymized,Anonymized,Anonymized,Anonymized,Anonymized,107,207,Line 9,a = a - b;,76,Line 25,"SET(a, GET(a) - GET(b));",125,Line 16,for (i=0; i< size-1; i++),155,Line 54,"SET(tmp, GET(arr[j]));",560,Line 15,c=a;,188,Line 31,"SET(c, GET(a));",103,Disagree,Disagree,Neither agree or disagree,Disagree,Agree,Disagree,Neither agree or disagree,Neither agree or disagree,Agree,Agree,Agree,Agree,Agree,Agree,Agree,Disagree,Neither agree or disagree,Neither agree or disagree,Agree,Neither agree or disagree,Agree,Neither agree or disagree,Disagree,Disagree,Disagree,Disagree,Neither agree or disagree,Disagree,Agree,Agree,179,none,2 years,1 year,none,Average,Average,Slightly above average,Average,Average,Average,Slightly above average,Shell Script,Man,28,128,7100009
194,2019-01-07 10:36:35,"Jan 7, 2019 11:02:05 am",Complete,,,,English,Anonymized,Anonymized,Anonymized,Anonymized,Anonymized,,Anonymized,Anonymized,Anonymized,Anonymized,Anonymized,Anonymized,Anonymized,13,15,Line 9,a=b+a;,238,Line 27,return task4,52,Line 1,#include< checkpoint.h>,133,Line 1,#include< task.h>,424,Line 4,@expired_after =( 5 seconds),206,Line 1,#include< task.h>,290,Agree,Strongly agree,Strongly agree,Agree,Agree,Neither agree or disagree,Agree,Neither agree or disagree,Neither agree or disagree,Agree,Agree,Neither agree or disagree,Agree,Neither agree or disagree,Agree,Agree,Agree,Neither agree or disagree,Neither agree or disagree,Neither agree or disagree,Agree,Neither agree or disagree,Neither agree or disagree,Agree,Strongly agree,Agree,Neither agree or disagree,Agree,Agree,Neither agree or disagree,103,3 years,2 years,4 years,3 years,Average,Slightly above average,Slightly below average,Average,Slightly above average,Slightly above average,Average,C++,Woman,23,37,7100008
204,2019-01-07 10:47:49,"Jan 7, 2019 11:13:12 am",Complete,,,,English,Anonymized,Anonymized,Anonymized,Anonymized,Anonymized,,Anonymized,Anonymized,Anonymized,Anonymized,Anonymized,Anonymized,Anonymized,52,203,Line 9,a=a-b;,71,Line 25,"set(a,GET(a)-GET(b));",79,Line 16,for(i=0;i< size-1;i++),146,Line 47,"//set(j,0);",49,Line 15,c=a;,244,Line 31,"set(c,a);",173,Disagree,Agree,Agree,Disagree,Agree,Agree,Agree,Agree,Agree,Neither agree or disagree,Agree,Agree,Agree,Agree,Agree,Disagree,Agree,Disagree,Agree,Disagree,Agree,Neither agree or disagree,Agree,Disagree,Agree,Disagree,Agree,Disagree,Agree,Disagree,162,1 year,5 years,more than 5 years,1 year,Slightly above average,Above average,Average,Slightly below average,Average,Slightly below average,Slightly below average,Java,Woman,30,102,7100012
209,2019-01-07 10:55:14,"Jan 7, 2019 11:10:10 am",Complete,,,,English,Anonymized,Anonymized,Anonymized,Anonymized,Anonymized,,Anonymized,Anonymized,Anonymized,Anonymized,Anonymized,Anonymized,Anonymized,68,197,Line 11,"return a,b;",55,Line 25,"SET(a, GET(a) - GET(b))",152,Line 16,for (i=0; i< size-1; i++),60,Line 7,jk,14,Line 15,c=a;,60,Line 15,n,125,Disagree,Agree,Agree,Disagree,Agree,Disagree,Agree,Disagree,Agree,Disagree,Agree,Disagree,Agree,Disagree,Agree,Disagree,Agree,Disagree,Agree,Disagree,Agree,Disagree,Agree,Disagree,Agree,Disagree,Agree,Disagree,Agree,Disagree,111,1 year,4 years,4 years,1 year,Average,Average,Below average,Below average,Average,Below average,Below average,Python,Man,29,45,7100011
215,2019-01-07 11:03:39,"Jan 7, 2019 11:15:21 am",Complete,,,,English,Anonymized,Anonymized,Anonymized,Anonymized,Anonymized,,Anonymized,Anonymized,Anonymized,Anonymized,Anonymized,Anonymized,Anonymized,81,57,Line 3,a=a+b,93,Line 27,Y=X-Y,80,Line 24,i=0,48,Line 30,"SET(y,3); //initialize y to y = 3",49,Line 7,floattemperture_reading,75,Line 17,"SET(y,3); //initialize y to y = 3",55,Strongly agree,Strongly agree,Strongly disagree,Strongly disagree,Agree,Agree,Agree,Strongly agree,Agree,Agree,Agree,Agree,Agree,Agree,Strongly disagree,Strongly disagree,Strongly disagree,Agree,Disagree,Disagree,Disagree,Disagree,Disagree,Disagree,Disagree,Strongly disagree,Strongly disagree,Strongly disagree,Strongly disagree,Strongly disagree,100,1 year,2 years,1 year,1 year,Below average,Below average,Below average,Below average,Below average,Below average,Below average,Java,Woman,29,44,7100013
226,2019-01-07 11:30:45,"Jan 7, 2019 11:55:47 am",Complete,,,,English,Anonymized,Anonymized,Anonymized,Anonymized,Anonymized,,Anonymized,Anonymized,Anonymized,Anonymized,Anonymized,Anonymized,Anonymized,39,96,Line 9,a = a - b;,201,Line 25,"SET(a, GET(a) - GET(b));",150,Line 16,for (i = 0; i < size - 1; i++),178,Line 48,return task_array_loop;,229,Line 15,c = 32;,255,Line 31,"SET(c, GET(a));",99,Agree,Disagree,Disagree,Agree,Neither agree or disagree,Agree,Disagree,Neither agree or disagree,Agree,Agree,Neither agree or disagree,Neither agree or disagree,Agree,Agree,Disagree,Neither agree or disagree,Neither agree or disagree,Agree,Disagree,Neither agree or disagree,Disagree,Neither agree or disagree,Disagree,Neither agree or disagree,Neither agree or disagree,Agree,Neither agree or disagree,Neither agree or disagree,Agree,Agree,146,1 year,none,more than 5 years,none,Average,Slightly above average,Slightly below average,Slightly below average,Slightly below average,Below average,Below average,Other,Man,37,62,7100015
229,2019-01-07 11:34:26,"Jan 7, 2019 11:44:32 am",Complete,,,,English,Anonymized,Anonymized,Anonymized,Anonymized,Anonymized,,Anonymized,Anonymized,Anonymized,Anonymized,Anonymized,Anonymized,Anonymized,12,12,Line 5,int(),41,Line 7,shared,74,Line 3,arrays,46,Line 30,return null,134,Line 20,return c,44,Line 24,{,127,Agree,Neither agree or disagree,Neither agree or disagree,Agree,Agree,Strongly agree,Neither agree or disagree,Agree,Disagree,Neither agree or disagree,Neither agree or disagree,Agree,Agree,Neither agree or disagree,Neither agree or disagree,Agree,Agree,Agree,Strongly agree,Agree,Neither agree or disagree,Agree,Neither agree or disagree,Agree,Neither agree or disagree,Disagree,Agree,Neither agree or disagree,Agree,Neither agree or disagree,58,4 years,4 years,2 years,1 year,Slightly below average,Average,Slightly above average,Average,Slightly below average,Average,Slightly above average,C++,Man,35,40,7100014
233,2019-01-07 11:41:18,"Jan 7, 2019 12:04:04 pm",Complete,,,,English,Anonymized,Anonymized,Anonymized,Anonymized,Anonymized,,Anonymized,Anonymized,Anonymized,Anonymized,Anonymized,Anonymized,Anonymized,21,89,Line 9,a=a-b;,69,Line 27,return task3;,173,Line 27,"bubble_sort(array[],10);",251,Line 30,return(task_array_loop_incr);,211,Line 17,c=temperature_reading * (b+a);,103,Line 13,"SET(b,9.0f)",208,Agree,Disagree,Disagree,Agree,Agree,Agree,Agree,Agree,Agree,Agree,Agree,Agree,Strongly agree,Neither agree or disagree,Strongly agree,Strongly agree,Strongly agree,Strongly agree,Strongly agree,Strongly agree,Strongly agree,Strongly agree,Strongly agree,Strongly agree,Strongly agree,Strongly agree,Disagree,Disagree,Agree,Agree,146,2 years,1 year,1 year,2 years,Average,Slightly below average,Slightly below average,Average,Slightly below average,Slightly below average,Average,C++,Man,24,85,7100017
234,2019-01-07 11:43:39,"Jan 7, 2019 12:11:15 pm",Complete,,,,English,Anonymized,Anonymized,Anonymized,Anonymized,Anonymized,,Anonymized,Anonymized,Anonymized,Anonymized,Anonymized,Anonymized,Anonymized,46,180,Line 9,a=a-b;,90,Line 25,"SET(a, GET(a) -GET(b));",94,Line 16,for (i=0; i < size-1; i++),154,Line 48,return task_array_loop_incr;,246,Line 15,c = a;,74,Line 31,"SET(c, GET(a));",569,Disagree,Neither agree or disagree,Strongly agree,Agree,Strongly agree,Neither agree or disagree,Agree,Agree,Agree,Agree,Agree,Disagree,Agree,Agree,Agree,Neither agree or disagree,Agree,Agree,Agree,Agree,Agree,Agree,Agree,Neither agree or disagree,Neither agree or disagree,Disagree,Disagree,Disagree,Agree,Agree,133,1 year,3 years,more than 5 years,none,Above average,Slightly above average,Slightly below average,Below average,Below average,Below average,Below average,C,Woman,48,49,7100019
235,2019-01-07 11:46:15,"Jan 7, 2019 12:10:41 pm",Complete,,,,English,Anonymized,Anonymized,Anonymized,Anonymized,Anonymized,,Anonymized,Anonymized,Anonymized,Anonymized,Anonymized,Anonymized,Anonymized,11,174,Line 9,a = a - b;,114,Line 26,"SET(result, GET(b));",164,Line 13,"void bubble_sort(int arr, int size)",170,Line 13,"SHARED(int i, int j, int size, int arr);",227,Line 10,"float a=32.0, b=9.0/5.0, c=0.0;",207,Line 36,"SET(c, GET((temperature_reading) * GET(b) + GET(a)));",330,Neither agree or disagree,Neither agree or disagree,Neither agree or disagree,Neither agree or disagree,Neither agree or disagree,Neither agree or disagree,Neither agree or disagree,Neither agree or disagree,Neither agree or disagree,Neither agree or disagree,Neither agree or disagree,Neither agree or disagree,Neither agree or disagree,Neither agree or disagree,Neither agree or disagree,Neither agree or disagree,Neither agree or disagree,Neither agree or disagree,Neither agree or disagree,Neither agree or disagree,Neither agree or disagree,Neither agree or disagree,Disagree,Disagree,Neither agree or disagree,Neither agree or disagree,Neither agree or disagree,Neither agree or disagree,Neither agree or disagree,Neither agree or disagree,26,none,none,5 years,none,Below average,Slightly above average,Above average,Average,Average,Average,Average,Python,Man,26,34,7100018
236,2019-01-07 11:47:50,"Jan 7, 2019 12:03:01 pm",Complete,,,,English,Anonymized,Anonymized,Anonymized,Anonymized,Anonymized,,Anonymized,Anonymized,Anonymized,Anonymized,Anonymized,Anonymized,Anonymized,128,67,Line 5,a=b-a,60,Line 13,X=X/Y,46,Line 7,swap bubble a'b,52,Line 51,return task-a/b,81,Line 10,a;b-c,57,Line 16,set array( temperature),53,Disagree,Neither agree or disagree,Agree,Neither agree or disagree,Agree,Neither agree or disagree,Neither agree or disagree,Neither agree or disagree,Agree,Neither agree or disagree,Agree,Neither agree or disagree,Neither agree or disagree,Neither agree or disagree,Agree,Neither agree or disagree,Disagree,Neither agree or disagree,Agree,Neither agree or disagree,Agree,Neither agree or disagree,Agree,Neither agree or disagree,Agree,Neither agree or disagree,Agree,Neither agree or disagree,Agree,Neither agree or disagree,183,5 years,5 years,3 years,2 years,Average,Average,Slightly above average,Average,Average,Average,Average,Java,Man,34,87,7100016
239,2019-01-07 12:05:27,"Jan 7, 2019 12:25:46 pm",Complete,,,,English,Anonymized,Anonymized,Anonymized,Anonymized,Anonymized,,Anonymized,Anonymized,Anonymized,Anonymized,Anonymized,Anonymized,Anonymized,402,16,Line 9,a=a-b,81,Line 12,b-e,38,Line 10,y=xnp,75,Line 25,"SET9a,GET(a) -",378,Line 14,"SET(y,3); //initialize y to y = 3",14,Line 4,"SET(y,3); //initialize y to y = 3",53,Disagree,Agree,Agree,Disagree,Agree,Neither agree or disagree,Agree,Neither agree or disagree,Neither agree or disagree,Disagree,Neither agree or disagree,Disagree,Agree,Agree,Agree,Neither agree or disagree,Agree,Neither agree or disagree,Agree,Disagree,Agree,Neither agree or disagree,Agree,Neither agree or disagree,Agree,Neither agree or disagree,Agree,Neither agree or disagree,Agree,Neither agree or disagree,79,5 years,3 years,3 years,2 years,Average,Average,Slightly above average,Average,Average,Average,Average,Java,Woman,32,33,7100020
240,2019-01-07 12:09:16,"Jan 7, 2019 12:31:43 pm",Complete,,,,English,Anonymized,Anonymized,Anonymized,Anonymized,Anonymized,,Anonymized,Anonymized,Anonymized,Anonymized,Anonymized,Anonymized,Anonymized,206,7,Line 7,a=a-b,22,Line 18,SETa-b,38,Line 10,y=bmr,27,Line 8,a=c,868,Line 15,c=a,39,Line 9,a=a-b,36,Neither agree or disagree,Disagree,Agree,Neither agree or disagree,Disagree,Neither agree or disagree,Agree,Neither agree or disagree,Agree,Neither agree or disagree,Agree,Neither agree or disagree,Neither agree or disagree,Neither agree or disagree,Neither agree or disagree,Neither agree or disagree,Agree,Neither agree or disagree,Neither agree or disagree,Agree,Agree,Neither agree or disagree,Neither agree or disagree,Neither agree or disagree,Disagree,Agree,Disagree,Neither agree or disagree,Neither agree or disagree,Neither agree or disagree,68,5 years,4 years,3 years,3 years,Average,Average,Average,Average,Average,Average,Average,Python,Man,28,29,7100021
256,2019-01-07 13:58:12,"Jan 7, 2019 2:27:43 pm",Complete,,,,English,Anonymized,Anonymized,Anonymized,Anonymized,Anonymized,,Anonymized,Anonymized,Anonymized,Anonymized,Anonymized,Anonymized,Anonymized,142,421,Line 1,< checkpoint.h>,525,Line 26,return task27;,81,Line 3,"int array[10] = {3,1,5,6,2,7,4,8};",104,Line 3,"int array[10] = {5,3,1,6,7,2,4,8};",68,Line 20,return a;,137,Line 36,"SET(c, GET(temperature_reading) * GET(b) + GET(a);",65,Agree,Agree,Disagree,Disagree,Neither agree or disagree,Neither agree or disagree,Agree,Agree,Agree,Agree,Agree,Agree,Agree,Agree,Agree,Agree,Agree,Agree,Strongly agree,Strongly agree,Agree,Agree,Agree,Agree,Agree,Agree,Agree,Agree,Agree,Agree,153,none,4 years,3 years,1 year,Average,Average,Slightly above average,Slightly above average,Average,Average,Average,C,Man,25,65,7100022
257,2019-01-07 14:11:45,"Jan 7, 2019 3:07:53 pm",Complete,,,,English,Anonymized,Anonymized,Anonymized,Anonymized,Anonymized,,Anonymized,Anonymized,Anonymized,Anonymized,Anonymized,Anonymized,Anonymized,50,492,Line 9,a=a-b,374,Line 25,"SET(a,GET(a)-GET(b));",345,Line 16,for(i=0;i< size-1;i++),212,Line 48,return task_array_loop_incr;,580,Line 15,temperature_reading=a;,89,Line 31,"SET(temperature_reading,GET(a));",561,Disagree,Strongly agree,Strongly agree,Strongly disagree,Neither agree or disagree,Neither agree or disagree,Strongly agree,Strongly agree,Agree,Disagree,Disagree,Agree,Disagree,Agree,Strongly agree,Neither agree or disagree,Neither agree or disagree,Strongly agree,Neither agree or disagree,Agree,Disagree,Agree,Agree,Agree,Strongly agree,Strongly agree,Neither agree or disagree,Neither agree or disagree,Strongly agree,Disagree,364,3 years,2 years,3 years,2 years,Average,Slightly above average,Slightly above average,Below average,Slightly above average,Below average,Below average,Java,Woman,27,253,7100024
261,2019-01-07 14:30:20,"Jan 7, 2019 2:59:16 pm",Complete,,,,English,Anonymized,Anonymized,Anonymized,Anonymized,Anonymized,,Anonymized,Anonymized,Anonymized,Anonymized,Anonymized,Anonymized,Anonymized,28,395,Line 9,a = a - b,79,Line 25,"SET(a, GET(a) - GET(b));",69,Line 16,for (i=0; i< size-1; i++),51,Line 48,return NULL;,599,Line 15,a = temperature_reading;,191,Line 31,"SET(c, 32.0f);",230,Strongly disagree,Agree,Strongly agree,Disagree,Agree,Strongly disagree,Agree,Neither agree or disagree,Strongly agree,Neither agree or disagree,Agree,Neither agree or disagree,Agree,Disagree,Agree,Strongly disagree,Neither agree or disagree,Neither agree or disagree,Agree,Strongly disagree,Agree,Strongly disagree,Strongly agree,Disagree,Disagree,Neither agree or disagree,Agree,Agree,Agree,Disagree,54,none,1 year,1 year,none,Slightly below average,Slightly above average,Slightly below average,Below average,Below average,Below average,Below average,Java,Woman,22,28,7100023
263,2019-01-07 15:01:02,"Jan 7, 2019 3:32:56 pm",Complete,,,,English,Anonymized,Anonymized,Anonymized,Anonymized,Anonymized,,Anonymized,Anonymized,Anonymized,Anonymized,Anonymized,Anonymized,Anonymized,259,145,Line 9,a = a - b;,423,Line 25,"SET(a, GET(a) - GET(b));",91,Line 16,for (i = 0; i < size-1; i++),253,Line 48,return task_array_loop_incr;,276,Line 15,c = a;,57,Line 31,"SET(c, GET(a));",182,Disagree,Strongly agree,Agree,Disagree,Strongly agree,Disagree,Strongly agree,Agree,Agree,Agree,Strongly agree,Disagree,Strongly agree,Agree,Strongly agree,Neither agree or disagree,Strongly agree,Disagree,Agree,Neither agree or disagree,Agree,Disagree,Neither agree or disagree,Disagree,Neither agree or disagree,Disagree,Neither agree or disagree,Disagree,Agree,Disagree,125,none,2 years,more than 5 years,none,Above average,Above average,Above average,Average,Slightly below average,Slightly below average,Slightly below average,Python,Man,20,70,7100025
264,2019-01-07 15:19:31,"Jan 7, 2019 3:44:13 pm",Complete,,,,English,Anonymized,Anonymized,Anonymized,Anonymized,Anonymized,,Anonymized,Anonymized,Anonymized,Anonymized,Anonymized,Anonymized,Anonymized,63,133,Line 9,a = a - b;,37,Line 25,"SET(a, GET(a) - GET(b));",258,Line 16,for (i = 0; i < size-1; i++),56,Line 47,"SET(i, 0);",487,Line 15,c = 32;,163,Line 31,"SET(c, 32.0f);",64,Disagree,Agree,Agree,Disagree,Strongly agree,Disagree,Strongly agree,Strongly agree,Strongly agree,Agree,Strongly agree,Strongly disagree,Strongly agree,Strongly agree,Strongly agree,Disagree,Strongly agree,Agree,Agree,Disagree,Strongly agree,Strongly disagree,Neither agree or disagree,Strongly disagree,Neither agree or disagree,Strongly disagree,Neither agree or disagree,Strongly disagree,Strongly agree,Agree,156,4 years,1 year,more than 5 years,none,Average,Above average,Slightly above average,Slightly below average,Slightly below average,Below average,Below average,PHP,Man,37,49,7100026
272,2019-01-07 17:45:15,"Jan 7, 2019 6:12:20 pm",Complete,,,,English,Anonymized,Anonymized,Anonymized,Anonymized,Anonymized,,Anonymized,Anonymized,Anonymized,Anonymized,Anonymized,Anonymized,Anonymized,9,19,Line 9,a = a - b;,35,Line 25,"SET(a, GET(a) - GET(b));",358,Line 16,for (i = 0; i < size-1; i++),273,Line 48,return task_array_loop;,459,Line 15,c = a;,181,Line 31,"set(c, GET(a));",99,Disagree,Neither agree or disagree,Agree,Neither agree or disagree,Agree,Neither agree or disagree,Agree,Agree,Neither agree or disagree,Agree,Agree,Disagree,Agree,Agree,Agree,Neither agree or disagree,Agree,Neither agree or disagree,Agree,Disagree,Agree,Neither agree or disagree,Neither agree or disagree,Neither agree or disagree,Neither agree or disagree,Disagree,Neither agree or disagree,Disagree,Agree,Agree,131,none,4 years,4 years,none,Below average,Slightly below average,Average,Average,Below average,Below average,Below average,Java,Man,33,41,7100027
276,2019-01-07 19:11:57,"Jan 7, 2019 7:33:59 pm",Complete,,,,English,Anonymized,Anonymized,Anonymized,Anonymized,Anonymized,,Anonymized,Anonymized,Anonymized,Anonymized,Anonymized,Anonymized,Anonymized,142,110,Line 9,a = a - b,61,Line 25,"SET(a, GET(a) - GET(b));",98,Line 16,for (i=0; i < size-1; i++),140,Line 48,return task_array_loop_incr;,207,Line 15,c = a;,102,Line 31,"SET(c, GET(a));",112,Strongly disagree,Neither agree or disagree,Agree,Disagree,Strongly agree,Neither agree or disagree,Agree,Agree,Agree,Agree,Agree,Agree,Agree,Agree,Agree,Agree,Agree,Agree,Agree,Disagree,Agree,Disagree,Neither agree or disagree,Neither agree or disagree,Disagree,Disagree,Neither agree or disagree,Neither agree or disagree,Agree,Agree,246,none,3 years,3 years,none,Slightly above average,Average,Slightly below average,Average,Average,Slightly below average,Slightly below average,C++,Man,21,76,7100028
283,2019-01-07 22:08:24,"Jan 7, 2019 10:18:04 pm",Complete,,,,English,Anonymized,Anonymized,Anonymized,Anonymized,Anonymized,,Anonymized,Anonymized,Anonymized,Anonymized,Anonymized,Anonymized,Anonymized,9,13,Line 3,int a=3,97,Line 17,TASK(TASK2),37,Line 25,},98,Line 59,},26,Line 10,dhf,48,Line 26,},36,Agree,Neither agree or disagree,Strongly agree,Neither agree or disagree,Neither agree or disagree,Agree,Agree,Neither agree or disagree,Agree,Neither agree or disagree,Agree,Agree,Agree,Neither agree or disagree,Agree,Neither agree or disagree,Neither agree or disagree,Agree,Agree,Neither agree or disagree,Agree,Agree,Neither agree or disagree,Agree,Agree,Agree,Agree,Neither agree or disagree,Strongly agree,Agree,136,4 years,2 years,1 year,1 year,Average,Slightly above average,Average,Slightly above average,Average,Slightly below average,Slightly above average,Java,Man,35,67,7100029
286,2019-01-07 22:20:37,"Jan 7, 2019 10:51:38 pm",Complete,,,,English,Anonymized,Anonymized,Anonymized,Anonymized,Anonymized,,Anonymized,Anonymized,Anonymized,Anonymized,Anonymized,Anonymized,Anonymized,124,253,Line 9,a=a-b;,67,Line 25,"Set(a,get(a)-get(b))",132,Line 17,For(j=0;j< size-i;j++),92,Line 41,If(get(j)< get(size)-get(I)){,445,Line 15,c=a;,67,Line 31,"Set(c, Get(a))",378,Strongly disagree,Agree,Strongly agree,Neither agree or disagree,Agree,Neither agree or disagree,Strongly agree,Neither agree or disagree,Neither agree or disagree,Agree,Neither agree or disagree,Neither agree or disagree,Neither agree or disagree,Agree,Neither agree or disagree,Agree,Agree,Neither agree or disagree,Strongly agree,Neither agree or disagree,Strongly agree,Disagree,Strongly agree,Disagree,Strongly agree,Disagree,Neither agree or disagree,Neither agree or disagree,Strongly agree,Neither agree or disagree,203,1 year,more than 5 years,more than 5 years,none,Average,Average,Slightly below average,Average,Below average,Below average,Below average,C++,Man,33,67,7100030
288,2019-01-07 22:34:05,"Jan 7, 2019 11:11:40 pm",Complete,,,,English,Anonymized,Anonymized,Anonymized,Anonymized,Anonymized,,Anonymized,Anonymized,Anonymized,Anonymized,Anonymized,Anonymized,Anonymized,32,57,Line 9,a = a - b;,32,Line 25,"SET(a, GET(a) - GET(b));",120,Line 16,for (i = 0; i < size-1; i++),847,Line 48,return task_array_loop_incr;,271,Line 15,c = 32.0f,425,Line 36,"SET(c, GET(read_temp) * GET(b) + Get(a));",104,Agree,Neither agree or disagree,Neither agree or disagree,Agree,Agree,Strongly agree,Agree,Strongly agree,Neither agree or disagree,Neither agree or disagree,Agree,Agree,Neither agree or disagree,Agree,Agree,Strongly agree,Neither agree or disagree,Agree,Agree,Strongly agree,Strongly agree,Agree,Agree,Neither agree or disagree,Agree,Strongly agree,Strongly agree,Strongly agree,Agree,Strongly agree,91,none,4 years,2 years,3 years,Slightly above average,Slightly above average,Slightly below average,Slightly below average,Slightly above average,Slightly above average,Slightly above average,Java,Woman,25,50,7100031
299,2019-01-08 01:55:37,"Jan 8, 2019 2:17:37 am",Complete,,,,English,Anonymized,Anonymized,Anonymized,Anonymized,Anonymized,,Anonymized,Anonymized,Anonymized,Anonymized,Anonymized,Anonymized,Anonymized,65,129,Line 9,a=a-b;,120,Line 25,"SET(a, GET(a)-GET(b));",120,Line 16,for(i=0;i< size-1;i++),189,Line 41,if(GET(i)< GET(size)-GET(i)-1) {,124,Line 15,c=a;,124,Line 31,"SET(c,a);",202,Disagree,Disagree,Agree,Strongly agree,Agree,Agree,Agree,Agree,Agree,Agree,Agree,Agree,Strongly agree,Strongly agree,Agree,Agree,Agree,Agree,Agree,Agree,Agree,Agree,Neither agree or disagree,Neither agree or disagree,Neither agree or disagree,Neither agree or disagree,Agree,Agree,Agree,Agree,152,4 years,2 years,2 years,1 year,Slightly above average,Above average,Above average,Average,Average,Average,Average,Java,Man,41,70,8100032
302,2019-01-08 04:14:42,"Jan 8, 2019 4:49:02 am",Complete,,,,English,Anonymized,Anonymized,Anonymized,Anonymized,Anonymized,,Anonymized,Anonymized,Anonymized,Anonymized,Anonymized,Anonymized,Anonymized,5,324,Line 9,a=a-b;,64,Line 25,"SET(a, GET(a) - GET(a));",97,Line 16,for (i=0; i < size-1; i++) {,289,Line 48,return task_array_loop_incr;,486,Line 15,c = a;,317,Line 31,"SET(c,GET(a));",43,Strongly disagree,Strongly agree,Strongly agree,Strongly disagree,Strongly agree,Strongly disagree,Strongly agree,Neither agree or disagree,Strongly agree,Disagree,Strongly agree,Neither agree or disagree,Strongly agree,Disagree,Strongly agree,Disagree,Strongly agree,Disagree,Strongly agree,Neither agree or disagree,Strongly agree,Neither agree or disagree,Agree,Disagree,Agree,Disagree,Agree,Disagree,Strongly agree,Disagree,229,none,4 years,2 years,2 years,Slightly above average,Average,Slightly below average,Slightly above average,Slightly above average,Slightly above average,Slightly above average,C,Man,26,167,8100033
313,2019-01-08 07:25:11,"Jan 8, 2019 7:46:09 am",Complete,,,,English,Anonymized,Anonymized,Anonymized,Anonymized,Anonymized,,Anonymized,Anonymized,Anonymized,Anonymized,Anonymized,Anonymized,Anonymized,136,102,Line 9,a = a - b;,130,Line 25,"SET(a, GET(a) - GET(b));",111,Line 16,for (i-0; i< size; j++),127,Line 36,return task_array_loop_incr;,160,Line 15,c = a;,49,Line 31,"SET(c, GET(a));",293,Agree,Disagree,Disagree,Agree,Agree,Agree,Agree,Agree,Agree,Agree,Agree,Agree,Neither agree or disagree,Agree,Agree,Agree,Agree,Agree,Agree,Disagree,Agree,Neither agree or disagree,Neither agree or disagree,Neither agree or disagree,Agree,Agree,Neither agree or disagree,Neither agree or disagree,Agree,Agree,98,none,4 years,more than 5 years,none,Average,Slightly below average,Slightly above average,Below average,Slightly below average,Slightly below average,Slightly below average,Java,Man,57,39,8100034
314,2019-01-08 07:51:11,"Jan 8, 2019 8:20:35 am",Complete,,,,English,Anonymized,Anonymized,Anonymized,Anonymized,Anonymized,,Anonymized,Anonymized,Anonymized,Anonymized,Anonymized,Anonymized,Anonymized,245,159,Line 9,a = a - b,124,Line 25,"SET(a, GET(a) - GET(b));",93,Line 16,for (i = 0; i < size-1; i++),225,Line 48,return (task_array_loop);,371,Line 15,c = 32;,87,Line 31,"SET(c, 32));",174,Strongly disagree,Neither agree or disagree,Strongly agree,Neither agree or disagree,Strongly agree,Agree,Strongly agree,Agree,Strongly agree,Neither agree or disagree,Strongly agree,Neither agree or disagree,Agree,Agree,Strongly agree,Neither agree or disagree,Strongly agree,Neither agree or disagree,Strongly agree,Neither agree or disagree,Agree,Agree,Neither agree or disagree,Neither agree or disagree,Neither agree or disagree,Neither agree or disagree,Agree,Disagree,Strongly agree,Neither agree or disagree,165,3 years,2 years,3 years,3 years,Slightly above average,Average,Average,Average,Slightly above average,Slightly above average,Above average,C,Man,24,86,8100036
315,2019-01-08 05:44:54,"Jan 8, 2019 8:16:19 am",Complete,,,,English,Anonymized,Anonymized,Anonymized,Anonymized,Anonymized,,Anonymized,Anonymized,Anonymized,Anonymized,Anonymized,Anonymized,Anonymized,8139,88,Line 9,a = a - b;,50,Line 25,"SET(a, GET(a) - GET(b));",131,Line 16,for (i = 0; i < size-1; i++),92,Line 30,return task_array_loop_incr;,218,Line 15,c = a;,104,Line 31,"SET(c, GET(a));",84,Neither agree or disagree,Neither agree or disagree,Neither agree or disagree,Neither agree or disagree,Neither agree or disagree,Neither agree or disagree,Neither agree or disagree,Neither agree or disagree,Neither agree or disagree,Neither agree or disagree,Neither agree or disagree,Neither agree or disagree,Neither agree or disagree,Neither agree or disagree,Neither agree or disagree,Neither agree or disagree,Neither agree or disagree,Neither agree or disagree,Neither agree or disagree,Neither agree or disagree,Neither agree or disagree,Neither agree or disagree,Neither agree or disagree,Neither agree or disagree,Neither agree or disagree,Neither agree or disagree,Neither agree or disagree,Neither agree or disagree,Neither agree or disagree,Neither agree or disagree,88,2 years,4 years,5 years,2 years,Average,Slightly above average,Average,Average,Slightly above average,Average,Average,Python,Man,25,85,8100035
318,2019-01-08 08:27:36,"Jan 8, 2019 8:55:24 am",Complete,,,,English,Anonymized,Anonymized,Anonymized,Anonymized,Anonymized,,Anonymized,Anonymized,Anonymized,Anonymized,Anonymized,Anonymized,Anonymized,105,134,Line 9,a=a - b;,44,Line 25,"set (a, GET(a) - GET(b));",201,Line 16,for (i=0; i < size-1; i++),90,Line 30,return task_array_loop;,558,Line 15,c = a;,251,Line 31,"set(c, GET(a));",126,Neither agree or disagree,Agree,Agree,Disagree,Agree,Agree,Agree,Disagree,Agree,Agree,Agree,Neither agree or disagree,Strongly agree,Neither agree or disagree,Agree,Neither agree or disagree,Agree,Agree,Agree,Neither agree or disagree,Agree,Neither agree or disagree,Agree,Neither agree or disagree,Agree,Neither agree or disagree,Agree,Neither agree or disagree,Agree,Neither agree or disagree,99,none,1 year,1 year,none,Average,Slightly above average,Average,Slightly below average,Slightly below average,Slightly below average,Slightly below average,Shell Script,Man,31,47,8100037
319,2019-01-08 08:52:12,"Jan 8, 2019 9:14:42 am",Complete,,,,English,Anonymized,Anonymized,Anonymized,Anonymized,Anonymized,,Anonymized,Anonymized,Anonymized,Anonymized,Anonymized,Anonymized,Anonymized,95,111,Line 9,a=a-b;,63,Line 25,"SET(a,GET(a)-GET(b));",259,Line 16,for (i=0;i< size-1;i++),73,Line 41,if (GET(i)< GET (size).GET(i)-1) {,382,Line 14,if (temperature_reading< 0),34,Line 22,if (GET(temperature_reading)< 0) {,142,Agree,Agree,Disagree,Disagree,Neither agree or disagree,Neither agree or disagree,Agree,Agree,Disagree,Disagree,Disagree,Disagree,Neither agree or disagree,Neither agree or disagree,Agree,Agree,Neither agree or disagree,Disagree,Agree,Agree,Neither agree or disagree,Neither agree or disagree,Agree,Agree,Agree,Neither agree or disagree,Neither agree or disagree,Neither agree or disagree,Neither agree or disagree,Neither agree or disagree,93,1 year,5 years,5 years,1 year,Slightly above average,Above average,Slightly below average,Slightly below average,Slightly below average,Slightly below average,Slightly below average,C,Woman,40,45,8100038
324,2019-01-08 10:54:10,"Jan 8, 2019 11:29:44 am",Complete,,,,English,Anonymized,Anonymized,Anonymized,Anonymized,Anonymized,,Anonymized,Anonymized,Anonymized,Anonymized,Anonymized,Anonymized,Anonymized,117,134,Line 9,a = a - b;,131,Line 25,"SET(a, GET(a) - GET(b));",647,Line 16,for (i = 0; i < size-1; i++),64,Line 48,return task_array_loop_incr;,407,Line 15,c = a;,65,Line 31,"SET(c, GET(a));",125,Disagree,Agree,Agree,Disagree,Agree,Disagree,Agree,Agree,Agree,Agree,Agree,Disagree,Agree,Agree,Agree,Disagree,Agree,Disagree,Agree,Disagree,Agree,Disagree,Neither agree or disagree,Disagree,Neither agree or disagree,Disagree,Neither agree or disagree,Disagree,Agree,Disagree,340,none,5 years,more than 5 years,none,Average,Above average,Below average,Below average,Below average,Below average,Below average,Other,Man,32,51,8100039
330,2019-01-08 12:40:08,"Jan 8, 2019 1:14:15 pm",Complete,,,,English,Anonymized,Anonymized,Anonymized,Anonymized,Anonymized,,Anonymized,Anonymized,Anonymized,Anonymized,Anonymized,Anonymized,Anonymized,20,5,Line 9,a = a - b,205,Line 25,"SET(a, GET(a) - GET(b));",102,Line 17,for( j=0; j< size - i -1; j++),435,Line 48,return task_array_loop_incr,379,Line 15,c = a;,127,Line 31,"SET(c,GET(a));",397,Strongly disagree,Strongly agree,Strongly agree,Strongly disagree,Strongly agree,Disagree,Agree,Disagree,Strongly agree,Strongly disagree,Strongly agree,Strongly disagree,Strongly agree,Strongly disagree,Strongly agree,Disagree,Strongly agree,Agree,Strongly agree,Disagree,Strongly agree,Strongly disagree,Strongly agree,Disagree,Strongly agree,Disagree,Neither agree or disagree,Disagree,Agree,Disagree,210,3 years,2 years,3 years,3 years,Slightly above average,Average,Average,Slightly above average,Above average,Slightly above average,Slightly above average,C,Man,26,142,8100040
333,2019-01-08 13:25:00,"Jan 8, 2019 1:48:13 pm",Complete,,,,English,Anonymized,Anonymized,Anonymized,Anonymized,Anonymized,,Anonymized,Anonymized,Anonymized,Anonymized,Anonymized,Anonymized,Anonymized,14,36,Line 9,a = a - b;,115,Line 25,"SET(a,GET(a) - GET (b));",345,Line 16,"for(i=0;i,size-1;i++)",96,Line 18,"SET(j,1)",240,Line 17,c = ((temperature_reading * b) + a) ;,164,Line 36,"SET(c,GET(temperature_reading) * (GET(b)+GET(a)));",183,Agree,Neither agree or disagree,Neither agree or disagree,Strongly agree,Neither agree or disagree,Neither agree or disagree,Neither agree or disagree,Neither agree or disagree,Neither agree or disagree,Neither agree or disagree,Neither agree or disagree,Agree,Neither agree or disagree,Neither agree or disagree,Neither agree or disagree,Neither agree or disagree,Neither agree or disagree,Agree,Neither agree or disagree,Neither agree or disagree,Neither agree or disagree,Neither agree or disagree,Agree,Agree,Neither agree or disagree,Neither agree or disagree,Neither agree or disagree,Neither agree or disagree,Neither agree or disagree,Agree,118,none,4 years,2 years,none,Average,Above average,Below average,Below average,Below average,Below average,Below average,C,Man,35,58,8100042
334,2019-01-08 14:12:56,"Jan 8, 2019 3:17:48 pm",Complete,,,,English,Anonymized,Anonymized,Anonymized,Anonymized,Anonymized,,Anonymized,Anonymized,Anonymized,Anonymized,Anonymized,Anonymized,Anonymized,4,476,Line 9,a = a - b;,169,Line 25,"SET(a, GET(a) - GET(b));",266,Line 16,for (i = 0; i < size-1; i++),570,Line 48,return task_array_loop_incr;,976,Line 15,c = a;,193,Line 31,"SET(c, GET(a));",306,Strongly disagree,Strongly agree,Strongly agree,Strongly disagree,Strongly agree,Strongly disagree,Strongly agree,Agree,Strongly agree,Strongly disagree,Strongly agree,Strongly disagree,Strongly agree,Strongly agree,Strongly agree,Disagree,Strongly agree,Disagree,Strongly agree,Strongly disagree,Strongly agree,Agree,Agree,Strongly disagree,Strongly agree,Strongly disagree,Neither agree or disagree,Neither agree or disagree,Agree,Strongly disagree,611,more than 5 years,2 years,more than 5 years,5 years,Above average,Slightly above average,Slightly above average,Average,Above average,Slightly below average,Slightly below average,C,Man,28,274,8100043
339,2019-01-08 16:49:54,"Jan 8, 2019 5:39:56 pm",Complete,,,,English,Anonymized,Anonymized,Anonymized,Anonymized,Anonymized,,Anonymized,Anonymized,Anonymized,Anonymized,Anonymized,Anonymized,Anonymized,357,183,Line 9,a = a - b;,59,Line 25,"SET(a, GET(a) - GET(b));",171,Line 16,for (i = 0; i < size-1; i++),117,Line 63,"SET(i, GET(i) + 1);",1124,Line 15,c = a;,32,Line 31,"SET(c, GET(a));",541,Neither agree or disagree,Neither agree or disagree,Agree,Neither agree or disagree,Agree,Neither agree or disagree,Agree,Neither agree or disagree,Agree,Neither agree or disagree,Agree,Neither agree or disagree,Agree,Neither agree or disagree,Agree,Neither agree or disagree,Agree,Neither agree or disagree,Agree,Neither agree or disagree,Agree,Disagree,Neither agree or disagree,Disagree,Neither agree or disagree,Disagree,Neither agree or disagree,Disagree,Agree,Neither agree or disagree,223,none,5 years,5 years,none,Slightly below average,Slightly above average,Below average,Below average,Below average,Below average,Below average,Java,Man,24,158,8100044
342,2019-01-08 17:12:00,"Jan 8, 2019 6:08:21 pm",Complete,,,,English,Anonymized,Anonymized,Anonymized,Anonymized,Anonymized,,Anonymized,Anonymized,Anonymized,Anonymized,Anonymized,Anonymized,Anonymized,9,16,Line 9,a = a - b;,424,Line 25,"SET(result, GET(b) - GET(a));",687,Line 16,for (i = 0; i < size-1; i++),270,Line 48,return task_array_loop_incr;,463,Line 15,c=a;,385,Line 31,"SET(c, GET(a));",620,Neither agree or disagree,Disagree,Neither agree or disagree,Agree,Disagree,Agree,Disagree,Neither agree or disagree,Neither agree or disagree,Agree,Agree,Disagree,Agree,Agree,Disagree,Agree,Agree,Agree,Neither agree or disagree,Neither agree or disagree,Neither agree or disagree,Agree,Disagree,Disagree,Disagree,Disagree,Disagree,Disagree,Neither agree or disagree,Agree,237,none,4 years,more than 5 years,more than 5 years,Above average,Above average,Above average,Slightly above average,Above average,Slightly above average,Slightly above average,C++,Man,24,191,8100045
346,2019-01-08 21:12:25,"Jan 8, 2019 9:38:51 pm",Complete,,,,English,Anonymized,Anonymized,Anonymized,Anonymized,Anonymized,,Anonymized,Anonymized,Anonymized,Anonymized,Anonymized,Anonymized,Anonymized,60,138,Line 9,a = a - b;,182,Line 27,return result;,151,Line 19,"swap(&arr[j], &arr[j]+1);,",255,Line 55,"SET(arr[j], GET(arr[j]+1));",76,Line 17,c = a;,68,Line 36,"SET(c, GET(a));",417,Agree,Agree,Disagree,Disagree,Neither agree or disagree,Neither agree or disagree,Disagree,Disagree,Neither agree or disagree,Neither agree or disagree,Neither agree or disagree,Neither agree or disagree,Neither agree or disagree,Agree,Disagree,Neither agree or disagree,Disagree,Disagree,Neither agree or disagree,Neither agree or disagree,Disagree,Disagree,Disagree,Disagree,Neither agree or disagree,Neither agree or disagree,Neither agree or disagree,Neither agree or disagree,Neither agree or disagree,Neither agree or disagree,146,none,3 years,more than 5 years,none,Below average,Slightly above average,Average,Slightly below average,Below average,Below average,Below average,Python,Man,40,64,8100046
347,2019-01-08 21:32:48,"Jan 8, 2019 10:17:14 pm",Complete,,,,English,Anonymized,Anonymized,Anonymized,Anonymized,Anonymized,,Anonymized,Anonymized,Anonymized,Anonymized,Anonymized,Anonymized,Anonymized,143,281,Line 9,a= a -b;,56,Line 25,"SET(a, GET(a) - Get(b));",397,Line 16,for (i=0; i< size -1; i++),113,Line 48,return task_array_loop_incr,785,Line 15,c = a;,99,Line 31,"SET(c,GET(a));",487,Strongly disagree,Disagree,Strongly agree,Neither agree or disagree,Strongly agree,Disagree,Strongly agree,Strongly agree,Strongly agree,Agree,Strongly agree,Disagree,Strongly agree,Strongly agree,Strongly agree,Agree,Strongly agree,Strongly agree,Strongly agree,Agree,Strongly agree,Strongly agree,Agree,Agree,Neither agree or disagree,Agree,Disagree,Disagree,Agree,Agree,207,none,4 years,more than 5 years,none,Average,Slightly above average,Below average,Below average,Below average,Below average,Below average,Java,Man,44,64,8100047
